/root/otomasi/scadaiot/python_engine/data_pusher.py:17: DeprecationWarning: Callback API version 1 is deprecated, update to latest version
  client = mqtt.Client(client_id=DEVICE_ID)
Publishing to v1/devices/me/telemetry: {"deviceId": "device-mqtt-001", "temperature": 21.026699731594245, "humidity": 34.90823146672748, "timestamp": 1769701408168.776}
Connected to MQTT Broker!
Publishing to v1/devices/me/telemetry: {"deviceId": "device-mqtt-001", "temperature": 26.425745262531866, "humidity": 49.44079819830077, "timestamp": 1769701410170.4043}
Publishing to v1/devices/me/telemetry: {"deviceId": "device-mqtt-001", "temperature": 24.8706253315653, "humidity": 56.16454857071203, "timestamp": 1769701412172.8005}
Publishing to v1/devices/me/telemetry: {"deviceId": "device-mqtt-001", "temperature": 27.850734239559532, "humidity": 40.93573784116078, "timestamp": 1769701414175.2817}
Publishing to v1/devices/me/telemetry: {"deviceId": "device-mqtt-001", "temperature": 28.791038016651378, "humidity": 50.52644439731402, "timestamp": 1769701416177.678}
Publishing to v1/devices/me/telemetry: {"deviceId": "device-mqtt-001", "temperature": 22.882747123633344, "humidity": 58.02292181150726, "timestamp": 1769701418180.0254}
Publishing to v1/devices/me/telemetry: {"deviceId": "device-mqtt-001", "temperature": 30.274236625499107, "humidity": 45.41471625247901, "timestamp": 1769701420182.3745}
Publishing to v1/devices/me/telemetry: {"deviceId": "device-mqtt-001", "temperature": 24.049374394997493, "humidity": 37.418780901519064, "timestamp": 1769701422184.7954}
Publishing to v1/devices/me/telemetry: {"deviceId": "device-mqtt-001", "temperature": 28.338619880648427, "humidity": 64.74973757287547, "timestamp": 1769701424187.207}
Publishing to v1/devices/me/telemetry: {"deviceId": "device-mqtt-001", "temperature": 23.781689983246153, "humidity": 34.82935984916723, "timestamp": 1769701426189.7253}
Publishing to v1/devices/me/telemetry: {"deviceId": "device-mqtt-001", "temperature": 30.518640671530513, "humidity": 48.764874185456335, "timestamp": 1769701428191.6611}
Publishing to v1/devices/me/telemetry: {"deviceId": "device-mqtt-001", "temperature": 20.082985865551777, "humidity": 39.11264267748791, "timestamp": 1769701430194.0125}
Publishing to v1/devices/me/telemetry: {"deviceId": "device-mqtt-001", "temperature": 27.958323319638936, "humidity": 43.44425843434511, "timestamp": 1769701432196.46}
Publishing to v1/devices/me/telemetry: {"deviceId": "device-mqtt-001", "temperature": 28.847498340145783, "humidity": 47.27518820132387, "timestamp": 1769701434198.8682}
Publishing to v1/devices/me/telemetry: {"deviceId": "device-mqtt-001", "temperature": 30.825011613570858, "humidity": 49.49277782301819, "timestamp": 1769701436201.2537}
Publishing to v1/devices/me/telemetry: {"deviceId": "device-mqtt-001", "temperature": 28.39782678612885, "humidity": 59.90474818101393, "timestamp": 1769701438202.421}
Publishing to v1/devices/me/telemetry: {"deviceId": "device-mqtt-001", "temperature": 24.043629231002, "humidity": 63.48398208558719, "timestamp": 1769701440204.4226}
Publishing to v1/devices/me/telemetry: {"deviceId": "device-mqtt-001", "temperature": 28.936668175090336, "humidity": 52.36872936225247, "timestamp": 1769701442208.7163}
Publishing to v1/devices/me/telemetry: {"deviceId": "device-mqtt-001", "temperature": 29.10324453584071, "humidity": 57.21938626338073, "timestamp": 1769701444211.114}
Publishing to v1/devices/me/telemetry: {"deviceId": "device-mqtt-001", "temperature": 33.83987096603829, "humidity": 66.0341257118194, "timestamp": 1769701446213.5645}
Publishing to v1/devices/me/telemetry: {"deviceId": "device-mqtt-001", "temperature": 25.72722961712525, "humidity": 67.3856210943265, "timestamp": 1769701448214.3975}
Publishing to v1/devices/me/telemetry: {"deviceId": "device-mqtt-001", "temperature": 32.71716785382817, "humidity": 41.006276866218556, "timestamp": 1769701450216.8008}
Publishing to v1/devices/me/telemetry: {"deviceId": "device-mqtt-001", "temperature": 28.495812972401772, "humidity": 65.63243379561185, "timestamp": 1769701452218.0752}
Publishing to v1/devices/me/telemetry: {"deviceId": "device-mqtt-001", "temperature": 32.51130345730144, "humidity": 30.957078193260173, "timestamp": 1769701454220.549}
Publishing to v1/devices/me/telemetry: {"deviceId": "device-mqtt-001", "temperature": 31.911492992323232, "humidity": 41.53638560587177, "timestamp": 1769701456223.0154}
Publishing to v1/devices/me/telemetry: {"deviceId": "device-mqtt-001", "temperature": 31.765835825018872, "humidity": 30.48067206711285, "timestamp": 1769701458225.5864}
Publishing to v1/devices/me/telemetry: {"deviceId": "device-mqtt-001", "temperature": 26.697171452278226, "humidity": 37.63536606308501, "timestamp": 1769701460228.019}
Publishing to v1/devices/me/telemetry: {"deviceId": "device-mqtt-001", "temperature": 24.830036407323266, "humidity": 49.53641025868125, "timestamp": 1769701462230.4192}
Publishing to v1/devices/me/telemetry: {"deviceId": "device-mqtt-001", "temperature": 20.071309014880896, "humidity": 53.37622913872715, "timestamp": 1769701464233.014}
Publishing to v1/devices/me/telemetry: {"deviceId": "device-mqtt-001", "temperature": 21.85065125166113, "humidity": 51.58565377987414, "timestamp": 1769701466235.517}
Publishing to v1/devices/me/telemetry: {"deviceId": "device-mqtt-001", "temperature": 22.54183562332808, "humidity": 41.298149417301495, "timestamp": 1769701468237.9753}
Publishing to v1/devices/me/telemetry: {"deviceId": "device-mqtt-001", "temperature": 21.074108349951313, "humidity": 33.077630571988806, "timestamp": 1769701470240.4114}
Publishing to v1/devices/me/telemetry: {"deviceId": "device-mqtt-001", "temperature": 20.687167365270305, "humidity": 65.84306660238207, "timestamp": 1769701472242.517}
Publishing to v1/devices/me/telemetry: {"deviceId": "device-mqtt-001", "temperature": 29.347283705375276, "humidity": 62.99133818337324, "timestamp": 1769701474244.9087}
Publishing to v1/devices/me/telemetry: {"deviceId": "device-mqtt-001", "temperature": 27.382670649480648, "humidity": 53.86445814224753, "timestamp": 1769701476247.4106}
Publishing to v1/devices/me/telemetry: {"deviceId": "device-mqtt-001", "temperature": 24.030164075864608, "humidity": 58.977050485667164, "timestamp": 1769701478249.8354}
Publishing to v1/devices/me/telemetry: {"deviceId": "device-mqtt-001", "temperature": 33.9854877619624, "humidity": 42.543393634707336, "timestamp": 1769701480252.215}
Publishing to v1/devices/me/telemetry: {"deviceId": "device-mqtt-001", "temperature": 21.837553456144832, "humidity": 51.264234309882454, "timestamp": 1769701482254.4905}
Publishing to v1/devices/me/telemetry: {"deviceId": "device-mqtt-001", "temperature": 29.409997888413958, "humidity": 34.07676529164178, "timestamp": 1769701484256.9336}
Publishing to v1/devices/me/telemetry: {"deviceId": "device-mqtt-001", "temperature": 33.89032835962345, "humidity": 40.31977325420948, "timestamp": 1769701486259.291}
Publishing to v1/devices/me/telemetry: {"deviceId": "device-mqtt-001", "temperature": 20.352222079506163, "humidity": 55.06040202617881, "timestamp": 1769701488261.753}
Publishing to v1/devices/me/telemetry: {"deviceId": "device-mqtt-001", "temperature": 25.843166868729412, "humidity": 51.38672794529404, "timestamp": 1769701490264.2258}
Publishing to v1/devices/me/telemetry: {"deviceId": "device-mqtt-001", "temperature": 27.599546792151827, "humidity": 38.80214112175568, "timestamp": 1769701492265.2197}
Publishing to v1/devices/me/telemetry: {"deviceId": "device-mqtt-001", "temperature": 27.92089544282902, "humidity": 68.0943716495886, "timestamp": 1769701494267.6018}
Publishing to v1/devices/me/telemetry: {"deviceId": "device-mqtt-001", "temperature": 28.87667193592652, "humidity": 39.02601621091494, "timestamp": 1769701496269.9424}
Publishing to v1/devices/me/telemetry: {"deviceId": "device-mqtt-001", "temperature": 25.236629345614976, "humidity": 61.43618292529727, "timestamp": 1769701498272.3206}
Publishing to v1/devices/me/telemetry: {"deviceId": "device-mqtt-001", "temperature": 20.883637714197157, "humidity": 66.10425079280228, "timestamp": 1769701500274.7668}
Publishing to v1/devices/me/telemetry: {"deviceId": "device-mqtt-001", "temperature": 23.0156149322029, "humidity": 63.50272527942143, "timestamp": 1769701502276.6191}
Publishing to v1/devices/me/telemetry: {"deviceId": "device-mqtt-001", "temperature": 21.357910446459577, "humidity": 31.691750319762377, "timestamp": 1769701504278.6143}
Publishing to v1/devices/me/telemetry: {"deviceId": "device-mqtt-001", "temperature": 28.80122954995386, "humidity": 68.64586360578323, "timestamp": 1769701506281.2078}
Publishing to v1/devices/me/telemetry: {"deviceId": "device-mqtt-001", "temperature": 25.763278824367497, "humidity": 36.392629929301904, "timestamp": 1769701508283.2664}
Publishing to v1/devices/me/telemetry: {"deviceId": "device-mqtt-001", "temperature": 30.35809130514403, "humidity": 39.68366421851881, "timestamp": 1769701510285.6973}
Publishing to v1/devices/me/telemetry: {"deviceId": "device-mqtt-001", "temperature": 34.912461247244764, "humidity": 69.55849713237271, "timestamp": 1769701512288.108}
Publishing to v1/devices/me/telemetry: {"deviceId": "device-mqtt-001", "temperature": 22.281308972638172, "humidity": 45.4250026584253, "timestamp": 1769701514290.4246}
Publishing to v1/devices/me/telemetry: {"deviceId": "device-mqtt-001", "temperature": 27.889100384613712, "humidity": 35.22834722180448, "timestamp": 1769701516292.8406}
Publishing to v1/devices/me/telemetry: {"deviceId": "device-mqtt-001", "temperature": 28.742754159249024, "humidity": 60.02696433346018, "timestamp": 1769701518295.3274}
Publishing to v1/devices/me/telemetry: {"deviceId": "device-mqtt-001", "temperature": 22.283614103252354, "humidity": 38.705623091501984, "timestamp": 1769701520297.7754}
Publishing to v1/devices/me/telemetry: {"deviceId": "device-mqtt-001", "temperature": 33.791624686160354, "humidity": 55.639070965617144, "timestamp": 1769701522300.2078}
Publishing to v1/devices/me/telemetry: {"deviceId": "device-mqtt-001", "temperature": 29.950441943796477, "humidity": 43.87725885515958, "timestamp": 1769701524302.6313}
Publishing to v1/devices/me/telemetry: {"deviceId": "device-mqtt-001", "temperature": 31.880841745029237, "humidity": 56.46330473569151, "timestamp": 1769701526305.0405}
Publishing to v1/devices/me/telemetry: {"deviceId": "device-mqtt-001", "temperature": 21.843490701839936, "humidity": 50.909839190741025, "timestamp": 1769701528307.605}
Publishing to v1/devices/me/telemetry: {"deviceId": "device-mqtt-001", "temperature": 31.41275800357871, "humidity": 58.77524628200355, "timestamp": 1769701530310.152}
Publishing to v1/devices/me/telemetry: {"deviceId": "device-mqtt-001", "temperature": 31.17636849269284, "humidity": 47.241194520036615, "timestamp": 1769701532312.6353}
Publishing to v1/devices/me/telemetry: {"deviceId": "device-mqtt-001", "temperature": 28.762307885927974, "humidity": 41.77319777755518, "timestamp": 1769701534315.035}
Publishing to v1/devices/me/telemetry: {"deviceId": "device-mqtt-001", "temperature": 23.72271896823261, "humidity": 64.09133854138506, "timestamp": 1769701536317.378}
Publishing to v1/devices/me/telemetry: {"deviceId": "device-mqtt-001", "temperature": 30.39653776701227, "humidity": 40.90209217271392, "timestamp": 1769701538319.6648}
Publishing to v1/devices/me/telemetry: {"deviceId": "device-mqtt-001", "temperature": 28.463145361903567, "humidity": 66.6760283295715, "timestamp": 1769701540322.1543}
Publishing to v1/devices/me/telemetry: {"deviceId": "device-mqtt-001", "temperature": 34.49784544962749, "humidity": 44.89806523733978, "timestamp": 1769701542325.0798}
Publishing to v1/devices/me/telemetry: {"deviceId": "device-mqtt-001", "temperature": 24.28310227315041, "humidity": 60.79637820511637, "timestamp": 1769701544326.4587}
Publishing to v1/devices/me/telemetry: {"deviceId": "device-mqtt-001", "temperature": 22.539915142804162, "humidity": 57.98293830981394, "timestamp": 1769701546328.4634}
Publishing to v1/devices/me/telemetry: {"deviceId": "device-mqtt-001", "temperature": 25.54205938671951, "humidity": 40.03020278333217, "timestamp": 1769701548330.8306}
Publishing to v1/devices/me/telemetry: {"deviceId": "device-mqtt-001", "temperature": 22.429563685537133, "humidity": 34.36740206859917, "timestamp": 1769701550333.2407}
Publishing to v1/devices/me/telemetry: {"deviceId": "device-mqtt-001", "temperature": 22.06309918477951, "humidity": 69.26069117874687, "timestamp": 1769701552335.6997}
Publishing to v1/devices/me/telemetry: {"deviceId": "device-mqtt-001", "temperature": 34.41881919317863, "humidity": 48.075769892722235, "timestamp": 1769701554338.2827}
Publishing to v1/devices/me/telemetry: {"deviceId": "device-mqtt-001", "temperature": 20.35674309567886, "humidity": 48.50064891135382, "timestamp": 1769701556340.93}
Publishing to v1/devices/me/telemetry: {"deviceId": "device-mqtt-001", "temperature": 23.860476093723555, "humidity": 31.873202810864846, "timestamp": 1769701558343.5342}
Publishing to v1/devices/me/telemetry: {"deviceId": "device-mqtt-001", "temperature": 32.45662550033403, "humidity": 35.361536477234836, "timestamp": 1769701560346.026}
Publishing to v1/devices/me/telemetry: {"deviceId": "device-mqtt-001", "temperature": 30.0352873735337, "humidity": 58.659296356991725, "timestamp": 1769701562348.553}
Publishing to v1/devices/me/telemetry: {"deviceId": "device-mqtt-001", "temperature": 23.033119943253116, "humidity": 59.13661146286431, "timestamp": 1769701564351.082}
Publishing to v1/devices/me/telemetry: {"deviceId": "device-mqtt-001", "temperature": 28.52348408398948, "humidity": 58.32673911833415, "timestamp": 1769701566353.5278}
Publishing to v1/devices/me/telemetry: {"deviceId": "device-mqtt-001", "temperature": 24.091022102376883, "humidity": 60.56059889153911, "timestamp": 1769701568355.7566}
Publishing to v1/devices/me/telemetry: {"deviceId": "device-mqtt-001", "temperature": 22.036188944978484, "humidity": 36.99309550391321, "timestamp": 1769701570358.1365}
Publishing to v1/devices/me/telemetry: {"deviceId": "device-mqtt-001", "temperature": 26.921448929682413, "humidity": 33.684374000823574, "timestamp": 1769701572360.5427}
Publishing to v1/devices/me/telemetry: {"deviceId": "device-mqtt-001", "temperature": 24.659722902433774, "humidity": 30.050688864800787, "timestamp": 1769701574362.4111}
Publishing to v1/devices/me/telemetry: {"deviceId": "device-mqtt-001", "temperature": 21.143698643493824, "humidity": 40.10362138819431, "timestamp": 1769701576365.4116}
Publishing to v1/devices/me/telemetry: {"deviceId": "device-mqtt-001", "temperature": 29.37924780621749, "humidity": 38.09846553224426, "timestamp": 1769701578367.7712}
Publishing to v1/devices/me/telemetry: {"deviceId": "device-mqtt-001", "temperature": 24.74679430782801, "humidity": 57.521961667578196, "timestamp": 1769701580372.652}
Publishing to v1/devices/me/telemetry: {"deviceId": "device-mqtt-001", "temperature": 20.14088598821915, "humidity": 33.71481922037823, "timestamp": 1769701582375.1643}
Publishing to v1/devices/me/telemetry: {"deviceId": "device-mqtt-001", "temperature": 21.177621618658176, "humidity": 56.820163621790854, "timestamp": 1769701584378.5532}
Publishing to v1/devices/me/telemetry: {"deviceId": "device-mqtt-001", "temperature": 26.083018773634322, "humidity": 53.443869971008795, "timestamp": 1769701586380.9907}
Publishing to v1/devices/me/telemetry: {"deviceId": "device-mqtt-001", "temperature": 29.613110167542757, "humidity": 42.10773413862412, "timestamp": 1769701588383.4556}
Publishing to v1/devices/me/telemetry: {"deviceId": "device-mqtt-001", "temperature": 32.7778436232877, "humidity": 33.68484064077497, "timestamp": 1769701590386.022}
Publishing to v1/devices/me/telemetry: {"deviceId": "device-mqtt-001", "temperature": 22.67112593778601, "humidity": 44.15618903712095, "timestamp": 1769701592394.6921}
Publishing to v1/devices/me/telemetry: {"deviceId": "device-mqtt-001", "temperature": 33.5190735782906, "humidity": 59.901227882194895, "timestamp": 1769701594397.077}
Publishing to v1/devices/me/telemetry: {"deviceId": "device-mqtt-001", "temperature": 34.50541817084533, "humidity": 69.74768112167243, "timestamp": 1769701596399.633}
Publishing to v1/devices/me/telemetry: {"deviceId": "device-mqtt-001", "temperature": 32.4833354576747, "humidity": 50.669142316708125, "timestamp": 1769701598402.0837}
Publishing to v1/devices/me/telemetry: {"deviceId": "device-mqtt-001", "temperature": 26.091350338410734, "humidity": 34.39965248595883, "timestamp": 1769701600402.719}
Publishing to v1/devices/me/telemetry: {"deviceId": "device-mqtt-001", "temperature": 27.244629714176625, "humidity": 44.86076003215763, "timestamp": 1769701602405.274}
Publishing to v1/devices/me/telemetry: {"deviceId": "device-mqtt-001", "temperature": 21.94747945155481, "humidity": 64.24470181168316, "timestamp": 1769701604407.7583}
Publishing to v1/devices/me/telemetry: {"deviceId": "device-mqtt-001", "temperature": 20.15881975161453, "humidity": 48.317935500280065, "timestamp": 1769701606410.1997}
Publishing to v1/devices/me/telemetry: {"deviceId": "device-mqtt-001", "temperature": 26.386599576660522, "humidity": 65.61331540185977, "timestamp": 1769701608412.7932}
Publishing to v1/devices/me/telemetry: {"deviceId": "device-mqtt-001", "temperature": 22.026582759601762, "humidity": 47.17919009831118, "timestamp": 1769701610414.404}
Publishing to v1/devices/me/telemetry: {"deviceId": "device-mqtt-001", "temperature": 23.570901853198436, "humidity": 30.775925464424905, "timestamp": 1769701612416.9683}
Publishing to v1/devices/me/telemetry: {"deviceId": "device-mqtt-001", "temperature": 25.946497865742113, "humidity": 64.87572289247058, "timestamp": 1769701614417.461}
Publishing to v1/devices/me/telemetry: {"deviceId": "device-mqtt-001", "temperature": 32.953071049162574, "humidity": 65.7082228417319, "timestamp": 1769701616419.6802}
Publishing to v1/devices/me/telemetry: {"deviceId": "device-mqtt-001", "temperature": 27.139795561164572, "humidity": 57.58511726942997, "timestamp": 1769701618420.463}
Publishing to v1/devices/me/telemetry: {"deviceId": "device-mqtt-001", "temperature": 32.6521422130656, "humidity": 33.71767351425301, "timestamp": 1769701620422.778}
Publishing to v1/devices/me/telemetry: {"deviceId": "device-mqtt-001", "temperature": 28.655122038102025, "humidity": 30.837344865388413, "timestamp": 1769701622428.4617}
Publishing to v1/devices/me/telemetry: {"deviceId": "device-mqtt-001", "temperature": 24.243910833256905, "humidity": 54.2017159676098, "timestamp": 1769701624430.874}
Publishing to v1/devices/me/telemetry: {"deviceId": "device-mqtt-001", "temperature": 21.160450802174633, "humidity": 60.89218656848076, "timestamp": 1769701626432.8806}
Publishing to v1/devices/me/telemetry: {"deviceId": "device-mqtt-001", "temperature": 34.84532830011196, "humidity": 38.024176203717815, "timestamp": 1769701628434.3823}
Publishing to v1/devices/me/telemetry: {"deviceId": "device-mqtt-001", "temperature": 34.83487819958985, "humidity": 50.28699698666975, "timestamp": 1769701630436.802}
Publishing to v1/devices/me/telemetry: {"deviceId": "device-mqtt-001", "temperature": 22.481180190604363, "humidity": 34.59198834188031, "timestamp": 1769701632438.3743}
Publishing to v1/devices/me/telemetry: {"deviceId": "device-mqtt-001", "temperature": 33.589784959497706, "humidity": 37.216192276261154, "timestamp": 1769701634440.8208}
Publishing to v1/devices/me/telemetry: {"deviceId": "device-mqtt-001", "temperature": 32.87622058694075, "humidity": 58.72283630964852, "timestamp": 1769701636442.4844}
Publishing to v1/devices/me/telemetry: {"deviceId": "device-mqtt-001", "temperature": 22.202537498887146, "humidity": 47.40527109562798, "timestamp": 1769701638444.277}
Publishing to v1/devices/me/telemetry: {"deviceId": "device-mqtt-001", "temperature": 29.66465247593223, "humidity": 62.19563180465712, "timestamp": 1769701640446.6243}
Publishing to v1/devices/me/telemetry: {"deviceId": "device-mqtt-001", "temperature": 24.55494452767244, "humidity": 34.8600462023228, "timestamp": 1769701642448.9795}
Publishing to v1/devices/me/telemetry: {"deviceId": "device-mqtt-001", "temperature": 32.1249691087018, "humidity": 35.76924584006531, "timestamp": 1769701644451.3843}
Publishing to v1/devices/me/telemetry: {"deviceId": "device-mqtt-001", "temperature": 23.288189000501365, "humidity": 31.405284999719115, "timestamp": 1769701646454.0342}
Publishing to v1/devices/me/telemetry: {"deviceId": "device-mqtt-001", "temperature": 20.976356067199976, "humidity": 61.62596999894173, "timestamp": 1769701648454.4312}
Publishing to v1/devices/me/telemetry: {"deviceId": "device-mqtt-001", "temperature": 31.16553744739297, "humidity": 50.5960108977816, "timestamp": 1769701650456.8127}
Publishing to v1/devices/me/telemetry: {"deviceId": "device-mqtt-001", "temperature": 28.110921646446528, "humidity": 68.61726494680342, "timestamp": 1769701652458.3782}
Publishing to v1/devices/me/telemetry: {"deviceId": "device-mqtt-001", "temperature": 24.168982538191848, "humidity": 34.65792874203755, "timestamp": 1769701654460.7788}
Publishing to v1/devices/me/telemetry: {"deviceId": "device-mqtt-001", "temperature": 27.72977564476218, "humidity": 52.64838603156352, "timestamp": 1769701656463.294}
Publishing to v1/devices/me/telemetry: {"deviceId": "device-mqtt-001", "temperature": 24.152100662323658, "humidity": 67.90586438560902, "timestamp": 1769701658465.9915}
Publishing to v1/devices/me/telemetry: {"deviceId": "device-mqtt-001", "temperature": 28.983547806456844, "humidity": 40.17928966603783, "timestamp": 1769701660466.8452}
Publishing to v1/devices/me/telemetry: {"deviceId": "device-mqtt-001", "temperature": 22.93002478925402, "humidity": 35.1304461444792, "timestamp": 1769701662468.3572}
Publishing to v1/devices/me/telemetry: {"deviceId": "device-mqtt-001", "temperature": 20.930785215944493, "humidity": 67.87281472563654, "timestamp": 1769701664470.6501}
Publishing to v1/devices/me/telemetry: {"deviceId": "device-mqtt-001", "temperature": 22.634940505104247, "humidity": 64.07310656464179, "timestamp": 1769701666473.058}
Publishing to v1/devices/me/telemetry: {"deviceId": "device-mqtt-001", "temperature": 30.81130702842371, "humidity": 56.40829623480453, "timestamp": 1769701668475.0293}
Publishing to v1/devices/me/telemetry: {"deviceId": "device-mqtt-001", "temperature": 32.87119295089661, "humidity": 56.03916062756927, "timestamp": 1769701670477.3647}
Publishing to v1/devices/me/telemetry: {"deviceId": "device-mqtt-001", "temperature": 31.646997164704832, "humidity": 55.86154076015852, "timestamp": 1769701672479.7207}
Publishing to v1/devices/me/telemetry: {"deviceId": "device-mqtt-001", "temperature": 27.74377039415126, "humidity": 62.56833190154309, "timestamp": 1769701674480.7458}
Publishing to v1/devices/me/telemetry: {"deviceId": "device-mqtt-001", "temperature": 22.613963077801557, "humidity": 67.65433702187447, "timestamp": 1769701676483.1604}
Publishing to v1/devices/me/telemetry: {"deviceId": "device-mqtt-001", "temperature": 23.058585481264803, "humidity": 36.370061794899264, "timestamp": 1769701678485.5586}
Publishing to v1/devices/me/telemetry: {"deviceId": "device-mqtt-001", "temperature": 26.047080285281375, "humidity": 61.29320957958696, "timestamp": 1769701680486.4407}
Publishing to v1/devices/me/telemetry: {"deviceId": "device-mqtt-001", "temperature": 24.303867637449095, "humidity": 62.30577586363816, "timestamp": 1769701682488.9297}
Publishing to v1/devices/me/telemetry: {"deviceId": "device-mqtt-001", "temperature": 34.87660254428813, "humidity": 50.32957638611646, "timestamp": 1769701684490.759}
Publishing to v1/devices/me/telemetry: {"deviceId": "device-mqtt-001", "temperature": 31.90361743159727, "humidity": 63.516534752188875, "timestamp": 1769701686493.3203}
Publishing to v1/devices/me/telemetry: {"deviceId": "device-mqtt-001", "temperature": 26.76593467009434, "humidity": 41.95807011668225, "timestamp": 1769701688494.3958}
Publishing to v1/devices/me/telemetry: {"deviceId": "device-mqtt-001", "temperature": 27.571489312743616, "humidity": 45.55571862494884, "timestamp": 1769701690496.7532}
Publishing to v1/devices/me/telemetry: {"deviceId": "device-mqtt-001", "temperature": 21.103505642690095, "humidity": 58.92700253211393, "timestamp": 1769701692498.385}
Publishing to v1/devices/me/telemetry: {"deviceId": "device-mqtt-001", "temperature": 25.50105265577209, "humidity": 34.31378105145126, "timestamp": 1769701694500.7705}
Publishing to v1/devices/me/telemetry: {"deviceId": "device-mqtt-001", "temperature": 21.26752113838735, "humidity": 53.12262032621743, "timestamp": 1769701696503.1616}
Publishing to v1/devices/me/telemetry: {"deviceId": "device-mqtt-001", "temperature": 29.634180980584738, "humidity": 48.55833539004284, "timestamp": 1769701698505.6177}
Publishing to v1/devices/me/telemetry: {"deviceId": "device-mqtt-001", "temperature": 26.99429261540831, "humidity": 35.301507415857714, "timestamp": 1769701700507.986}
Publishing to v1/devices/me/telemetry: {"deviceId": "device-mqtt-001", "temperature": 21.062400423318014, "humidity": 58.16282231951546, "timestamp": 1769701702510.3723}
Publishing to v1/devices/me/telemetry: {"deviceId": "device-mqtt-001", "temperature": 32.36368152585276, "humidity": 35.393129557381755, "timestamp": 1769701704512.7976}
Publishing to v1/devices/me/telemetry: {"deviceId": "device-mqtt-001", "temperature": 33.37113235168212, "humidity": 58.58644345888244, "timestamp": 1769701706515.16}
Publishing to v1/devices/me/telemetry: {"deviceId": "device-mqtt-001", "temperature": 31.08338581827016, "humidity": 51.16773326469536, "timestamp": 1769701708517.5454}
Publishing to v1/devices/me/telemetry: {"deviceId": "device-mqtt-001", "temperature": 29.00112572464922, "humidity": 58.857587244061435, "timestamp": 1769701710518.8887}
Publishing to v1/devices/me/telemetry: {"deviceId": "device-mqtt-001", "temperature": 24.11337829130092, "humidity": 55.81293381910314, "timestamp": 1769701712521.2317}
Publishing to v1/devices/me/telemetry: {"deviceId": "device-mqtt-001", "temperature": 21.205742150037494, "humidity": 35.99185190213604, "timestamp": 1769701714523.7122}
Publishing to v1/devices/me/telemetry: {"deviceId": "device-mqtt-001", "temperature": 23.05665547338658, "humidity": 42.16176604747018, "timestamp": 1769701716526.1304}
Publishing to v1/devices/me/telemetry: {"deviceId": "device-mqtt-001", "temperature": 21.849803428833084, "humidity": 35.12868063090154, "timestamp": 1769701718527.454}
Publishing to v1/devices/me/telemetry: {"deviceId": "device-mqtt-001", "temperature": 26.418651207199396, "humidity": 38.837780588485415, "timestamp": 1769701720527.9207}
Publishing to v1/devices/me/telemetry: {"deviceId": "device-mqtt-001", "temperature": 22.97070535078564, "humidity": 46.902218882340705, "timestamp": 1769701722530.354}
Publishing to v1/devices/me/telemetry: {"deviceId": "device-mqtt-001", "temperature": 33.5715049717556, "humidity": 57.32997532953348, "timestamp": 1769701724532.7368}
Publishing to v1/devices/me/telemetry: {"deviceId": "device-mqtt-001", "temperature": 32.84014730808152, "humidity": 30.119372184359086, "timestamp": 1769701726534.532}
Publishing to v1/devices/me/telemetry: {"deviceId": "device-mqtt-001", "temperature": 24.4189226985297, "humidity": 42.15504797317645, "timestamp": 1769701728536.892}
Publishing to v1/devices/me/telemetry: {"deviceId": "device-mqtt-001", "temperature": 22.562427342901213, "humidity": 69.77678671030552, "timestamp": 1769701730538.3567}
Publishing to v1/devices/me/telemetry: {"deviceId": "device-mqtt-001", "temperature": 22.933030104005443, "humidity": 47.512052905410854, "timestamp": 1769701732540.7773}
Publishing to v1/devices/me/telemetry: {"deviceId": "device-mqtt-001", "temperature": 24.961246581098457, "humidity": 50.81216203574764, "timestamp": 1769701734543.1519}
Publishing to v1/devices/me/telemetry: {"deviceId": "device-mqtt-001", "temperature": 32.422189312613455, "humidity": 34.602508962383716, "timestamp": 1769701736545.4993}
Publishing to v1/devices/me/telemetry: {"deviceId": "device-mqtt-001", "temperature": 23.81633073674195, "humidity": 69.63834156120667, "timestamp": 1769701738547.962}
Publishing to v1/devices/me/telemetry: {"deviceId": "device-mqtt-001", "temperature": 24.714561562130577, "humidity": 52.11366821204289, "timestamp": 1769701740548.377}
Publishing to v1/devices/me/telemetry: {"deviceId": "device-mqtt-001", "temperature": 29.08479118070222, "humidity": 62.84791140940619, "timestamp": 1769701742550.8281}
Publishing to v1/devices/me/telemetry: {"deviceId": "device-mqtt-001", "temperature": 26.41872210783923, "humidity": 55.145269395806466, "timestamp": 1769701744552.6885}
Publishing to v1/devices/me/telemetry: {"deviceId": "device-mqtt-001", "temperature": 28.8872844131349, "humidity": 38.32255395422527, "timestamp": 1769701746555.1455}
Publishing to v1/devices/me/telemetry: {"deviceId": "device-mqtt-001", "temperature": 28.154379964869825, "humidity": 54.55108173356059, "timestamp": 1769701748557.6533}
Publishing to v1/devices/me/telemetry: {"deviceId": "device-mqtt-001", "temperature": 33.51657587841912, "humidity": 52.308454336049266, "timestamp": 1769701750560.0493}
Publishing to v1/devices/me/telemetry: {"deviceId": "device-mqtt-001", "temperature": 21.64979196743427, "humidity": 61.81397780753659, "timestamp": 1769701752562.485}
Publishing to v1/devices/me/telemetry: {"deviceId": "device-mqtt-001", "temperature": 22.44150279772973, "humidity": 49.426717339632425, "timestamp": 1769701754564.8948}
Publishing to v1/devices/me/telemetry: {"deviceId": "device-mqtt-001", "temperature": 25.70199627513496, "humidity": 53.23068351906643, "timestamp": 1769701756567.3477}
Publishing to v1/devices/me/telemetry: {"deviceId": "device-mqtt-001", "temperature": 28.563624705237707, "humidity": 59.68930250191728, "timestamp": 1769701758569.7607}
Publishing to v1/devices/me/telemetry: {"deviceId": "device-mqtt-001", "temperature": 28.04228291250414, "humidity": 40.779159707506025, "timestamp": 1769701760572.2007}
Publishing to v1/devices/me/telemetry: {"deviceId": "device-mqtt-001", "temperature": 30.613427741899393, "humidity": 49.22078817616293, "timestamp": 1769701762573.1504}
Publishing to v1/devices/me/telemetry: {"deviceId": "device-mqtt-001", "temperature": 26.654292019143657, "humidity": 38.72568486592613, "timestamp": 1769701764575.6138}
Publishing to v1/devices/me/telemetry: {"deviceId": "device-mqtt-001", "temperature": 22.21428568803875, "humidity": 47.66828210927028, "timestamp": 1769701766578.1401}
Publishing to v1/devices/me/telemetry: {"deviceId": "device-mqtt-001", "temperature": 26.944762258437944, "humidity": 64.865443662301, "timestamp": 1769701768580.602}
Publishing to v1/devices/me/telemetry: {"deviceId": "device-mqtt-001", "temperature": 29.868823119687526, "humidity": 64.49668036516232, "timestamp": 1769701770582.375}
Publishing to v1/devices/me/telemetry: {"deviceId": "device-mqtt-001", "temperature": 32.133364891514034, "humidity": 42.80081326191522, "timestamp": 1769701772584.7378}
Publishing to v1/devices/me/telemetry: {"deviceId": "device-mqtt-001", "temperature": 22.383542416792213, "humidity": 60.252371655141815, "timestamp": 1769701774587.188}
Publishing to v1/devices/me/telemetry: {"deviceId": "device-mqtt-001", "temperature": 20.571623566414125, "humidity": 47.16069505748608, "timestamp": 1769701776589.6543}
Publishing to v1/devices/me/telemetry: {"deviceId": "device-mqtt-001", "temperature": 28.771821245381265, "humidity": 55.023658963890774, "timestamp": 1769701778594.1938}
Publishing to v1/devices/me/telemetry: {"deviceId": "device-mqtt-001", "temperature": 21.22308727153755, "humidity": 31.234412748414986, "timestamp": 1769701780596.6733}
Publishing to v1/devices/me/telemetry: {"deviceId": "device-mqtt-001", "temperature": 25.952387510061335, "humidity": 47.22164358729799, "timestamp": 1769701782599.1262}
Publishing to v1/devices/me/telemetry: {"deviceId": "device-mqtt-001", "temperature": 21.87177192769542, "humidity": 65.68150278937114, "timestamp": 1769701784604.1162}
Publishing to v1/devices/me/telemetry: {"deviceId": "device-mqtt-001", "temperature": 23.502097768962578, "humidity": 66.31135335570751, "timestamp": 1769701786606.3728}
Publishing to v1/devices/me/telemetry: {"deviceId": "device-mqtt-001", "temperature": 20.19820375670124, "humidity": 52.196527563463846, "timestamp": 1769701788611.4407}
Publishing to v1/devices/me/telemetry: {"deviceId": "device-mqtt-001", "temperature": 21.098761153205224, "humidity": 38.97061835012129, "timestamp": 1769701790613.842}
Publishing to v1/devices/me/telemetry: {"deviceId": "device-mqtt-001", "temperature": 25.637510579958956, "humidity": 38.409574315103335, "timestamp": 1769701792616.216}
Publishing to v1/devices/me/telemetry: {"deviceId": "device-mqtt-001", "temperature": 22.81249582447549, "humidity": 44.522046305967834, "timestamp": 1769701794618.8257}
Publishing to v1/devices/me/telemetry: {"deviceId": "device-mqtt-001", "temperature": 20.79992503796775, "humidity": 37.34657091208109, "timestamp": 1769701796619.6753}
Publishing to v1/devices/me/telemetry: {"deviceId": "device-mqtt-001", "temperature": 29.201221384080135, "humidity": 59.603960192836055, "timestamp": 1769701798622.1006}
Publishing to v1/devices/me/telemetry: {"deviceId": "device-mqtt-001", "temperature": 26.807457846670502, "humidity": 59.17118978559336, "timestamp": 1769701800624.5356}
Publishing to v1/devices/me/telemetry: {"deviceId": "device-mqtt-001", "temperature": 22.679504937975427, "humidity": 45.72404050096176, "timestamp": 1769701802632.6445}
Publishing to v1/devices/me/telemetry: {"deviceId": "device-mqtt-001", "temperature": 21.96496497624051, "humidity": 37.22430126471062, "timestamp": 1769701804635.1138}
Publishing to v1/devices/me/telemetry: {"deviceId": "device-mqtt-001", "temperature": 33.205910248825624, "humidity": 34.95143519581735, "timestamp": 1769701806637.618}
Publishing to v1/devices/me/telemetry: {"deviceId": "device-mqtt-001", "temperature": 33.034556427385866, "humidity": 43.729616465195555, "timestamp": 1769701808640.0178}
Publishing to v1/devices/me/telemetry: {"deviceId": "device-mqtt-001", "temperature": 28.86096904162557, "humidity": 54.38119875585606, "timestamp": 1769701810642.4292}
Publishing to v1/devices/me/telemetry: {"deviceId": "device-mqtt-001", "temperature": 24.612467444834397, "humidity": 39.67119104842419, "timestamp": 1769701812644.9426}
Publishing to v1/devices/me/telemetry: {"deviceId": "device-mqtt-001", "temperature": 33.09551440941125, "humidity": 47.77115764411476, "timestamp": 1769701814647.5393}
Publishing to v1/devices/me/telemetry: {"deviceId": "device-mqtt-001", "temperature": 30.38897689554668, "humidity": 45.058644117682945, "timestamp": 1769701816650.1108}
Publishing to v1/devices/me/telemetry: {"deviceId": "device-mqtt-001", "temperature": 21.98992973968501, "humidity": 47.58928324704931, "timestamp": 1769701818652.5244}
Publishing to v1/devices/me/telemetry: {"deviceId": "device-mqtt-001", "temperature": 29.97364984806122, "humidity": 55.3220502042955, "timestamp": 1769701820654.5054}
Publishing to v1/devices/me/telemetry: {"deviceId": "device-mqtt-001", "temperature": 34.82382628742264, "humidity": 67.35446321598212, "timestamp": 1769701822656.897}
Publishing to v1/devices/me/telemetry: {"deviceId": "device-mqtt-001", "temperature": 24.21067991479227, "humidity": 46.08686950705068, "timestamp": 1769701824658.3738}
Publishing to v1/devices/me/telemetry: {"deviceId": "device-mqtt-001", "temperature": 30.52980159911776, "humidity": 40.73236972754312, "timestamp": 1769701826660.8428}
Publishing to v1/devices/me/telemetry: {"deviceId": "device-mqtt-001", "temperature": 22.50883682814269, "humidity": 66.70556246087389, "timestamp": 1769701828662.424}
Publishing to v1/devices/me/telemetry: {"deviceId": "device-mqtt-001", "temperature": 22.632983872389506, "humidity": 33.582470313802176, "timestamp": 1769701830663.4578}
Publishing to v1/devices/me/telemetry: {"deviceId": "device-mqtt-001", "temperature": 21.33292274091852, "humidity": 31.664615868906626, "timestamp": 1769701832665.8047}
Publishing to v1/devices/me/telemetry: {"deviceId": "device-mqtt-001", "temperature": 33.2394380952521, "humidity": 67.53765385186335, "timestamp": 1769701834666.893}
Publishing to v1/devices/me/telemetry: {"deviceId": "device-mqtt-001", "temperature": 28.10607596303862, "humidity": 46.61487053021486, "timestamp": 1769701836669.2046}
Publishing to v1/devices/me/telemetry: {"deviceId": "device-mqtt-001", "temperature": 23.186384121520728, "humidity": 66.66183225575249, "timestamp": 1769701838671.5273}
Publishing to v1/devices/me/telemetry: {"deviceId": "device-mqtt-001", "temperature": 28.792115387897063, "humidity": 60.3709009779126, "timestamp": 1769701840673.9038}
Publishing to v1/devices/me/telemetry: {"deviceId": "device-mqtt-001", "temperature": 21.701143997323697, "humidity": 53.93028690477395, "timestamp": 1769701842676.2715}
Publishing to v1/devices/me/telemetry: {"deviceId": "device-mqtt-001", "temperature": 20.966296931790414, "humidity": 45.588852306087524, "timestamp": 1769701844678.6768}
Publishing to v1/devices/me/telemetry: {"deviceId": "device-mqtt-001", "temperature": 25.777349784635575, "humidity": 37.54203683502583, "timestamp": 1769701846681.0186}
Publishing to v1/devices/me/telemetry: {"deviceId": "device-mqtt-001", "temperature": 29.119971428834326, "humidity": 48.6214514013101, "timestamp": 1769701848683.43}
Publishing to v1/devices/me/telemetry: {"deviceId": "device-mqtt-001", "temperature": 33.48284797863753, "humidity": 56.71093205219449, "timestamp": 1769701850685.8535}
Publishing to v1/devices/me/telemetry: {"deviceId": "device-mqtt-001", "temperature": 25.069383147554518, "humidity": 38.16702284480894, "timestamp": 1769701852688.1968}
Publishing to v1/devices/me/telemetry: {"deviceId": "device-mqtt-001", "temperature": 32.12991023184023, "humidity": 68.97576522780372, "timestamp": 1769701854690.5862}
Publishing to v1/devices/me/telemetry: {"deviceId": "device-mqtt-001", "temperature": 28.61917153394115, "humidity": 32.58987980775007, "timestamp": 1769701856692.973}
Publishing to v1/devices/me/telemetry: {"deviceId": "device-mqtt-001", "temperature": 28.16702196331923, "humidity": 44.90528056386495, "timestamp": 1769701858694.419}
Publishing to v1/devices/me/telemetry: {"deviceId": "device-mqtt-001", "temperature": 20.147750241883394, "humidity": 49.03102875118513, "timestamp": 1769701860696.8276}
Publishing to v1/devices/me/telemetry: {"deviceId": "device-mqtt-001", "temperature": 22.063300099914134, "humidity": 39.738056238853886, "timestamp": 1769701862699.1643}
Publishing to v1/devices/me/telemetry: {"deviceId": "device-mqtt-001", "temperature": 30.19822600127406, "humidity": 69.67893503745958, "timestamp": 1769701864701.566}
Publishing to v1/devices/me/telemetry: {"deviceId": "device-mqtt-001", "temperature": 32.67432251834527, "humidity": 41.667225399191594, "timestamp": 1769701866702.4426}
Publishing to v1/devices/me/telemetry: {"deviceId": "device-mqtt-001", "temperature": 29.367222075918043, "humidity": 59.24592866800364, "timestamp": 1769701868704.8616}
Publishing to v1/devices/me/telemetry: {"deviceId": "device-mqtt-001", "temperature": 30.451312491370135, "humidity": 47.005010021320174, "timestamp": 1769701870707.2654}
Publishing to v1/devices/me/telemetry: {"deviceId": "device-mqtt-001", "temperature": 24.978636391782153, "humidity": 37.8944194795027, "timestamp": 1769701872709.8455}
Publishing to v1/devices/me/telemetry: {"deviceId": "device-mqtt-001", "temperature": 30.65627673262403, "humidity": 37.82001312892827, "timestamp": 1769701874712.369}
Publishing to v1/devices/me/telemetry: {"deviceId": "device-mqtt-001", "temperature": 34.19862365509697, "humidity": 59.89435923799839, "timestamp": 1769701876714.8274}
Publishing to v1/devices/me/telemetry: {"deviceId": "device-mqtt-001", "temperature": 23.089451344698016, "humidity": 52.392043321628265, "timestamp": 1769701878717.2437}
Publishing to v1/devices/me/telemetry: {"deviceId": "device-mqtt-001", "temperature": 32.5720385702251, "humidity": 68.22761968732166, "timestamp": 1769701880718.0}
Publishing to v1/devices/me/telemetry: {"deviceId": "device-mqtt-001", "temperature": 22.25650609642241, "humidity": 39.24099296736886, "timestamp": 1769701882720.372}
Publishing to v1/devices/me/telemetry: {"deviceId": "device-mqtt-001", "temperature": 33.232861013047064, "humidity": 40.5866893837635, "timestamp": 1769701884721.4304}
Publishing to v1/devices/me/telemetry: {"deviceId": "device-mqtt-001", "temperature": 22.590735578257494, "humidity": 57.528943437168536, "timestamp": 1769701886723.9731}
Publishing to v1/devices/me/telemetry: {"deviceId": "device-mqtt-001", "temperature": 28.335809489559864, "humidity": 55.60034947342361, "timestamp": 1769701888726.4417}
Publishing to v1/devices/me/telemetry: {"deviceId": "device-mqtt-001", "temperature": 33.18623714177271, "humidity": 58.58312240831155, "timestamp": 1769701890729.105}
Publishing to v1/devices/me/telemetry: {"deviceId": "device-mqtt-001", "temperature": 20.118532043931214, "humidity": 57.86278065402099, "timestamp": 1769701892731.5178}
Publishing to v1/devices/me/telemetry: {"deviceId": "device-mqtt-001", "temperature": 28.55107873247885, "humidity": 69.3353147450118, "timestamp": 1769701894733.8853}
Publishing to v1/devices/me/telemetry: {"deviceId": "device-mqtt-001", "temperature": 33.16203688010554, "humidity": 41.84224712507152, "timestamp": 1769701896734.3633}
Publishing to v1/devices/me/telemetry: {"deviceId": "device-mqtt-001", "temperature": 27.678493135804402, "humidity": 44.90429562386852, "timestamp": 1769701898736.7454}
Publishing to v1/devices/me/telemetry: {"deviceId": "device-mqtt-001", "temperature": 20.438053025823287, "humidity": 32.07744438767082, "timestamp": 1769701900739.1633}
Publishing to v1/devices/me/telemetry: {"deviceId": "device-mqtt-001", "temperature": 32.13686298984924, "humidity": 57.458069988526645, "timestamp": 1769701902741.661}
Publishing to v1/devices/me/telemetry: {"deviceId": "device-mqtt-001", "temperature": 33.30794537381166, "humidity": 50.51498149031232, "timestamp": 1769701904742.532}
Publishing to v1/devices/me/telemetry: {"deviceId": "device-mqtt-001", "temperature": 28.667560496821853, "humidity": 57.97309595239493, "timestamp": 1769701906744.8967}
Publishing to v1/devices/me/telemetry: {"deviceId": "device-mqtt-001", "temperature": 32.662851703475596, "humidity": 66.31443290596165, "timestamp": 1769701908747.27}
Publishing to v1/devices/me/telemetry: {"deviceId": "device-mqtt-001", "temperature": 29.611756362443355, "humidity": 63.70965562988307, "timestamp": 1769701910749.693}
Publishing to v1/devices/me/telemetry: {"deviceId": "device-mqtt-001", "temperature": 21.345833387399168, "humidity": 50.51082749832101, "timestamp": 1769701912751.5898}
Publishing to v1/devices/me/telemetry: {"deviceId": "device-mqtt-001", "temperature": 21.92825924744089, "humidity": 56.47774378844751, "timestamp": 1769701914753.9482}
Publishing to v1/devices/me/telemetry: {"deviceId": "device-mqtt-001", "temperature": 21.813860807271066, "humidity": 54.12596316795794, "timestamp": 1769701916756.3801}
Publishing to v1/devices/me/telemetry: {"deviceId": "device-mqtt-001", "temperature": 33.72839131636396, "humidity": 40.68628055246539, "timestamp": 1769701918758.8428}
Publishing to v1/devices/me/telemetry: {"deviceId": "device-mqtt-001", "temperature": 34.24889093972185, "humidity": 40.18280723000276, "timestamp": 1769701920761.2139}
Publishing to v1/devices/me/telemetry: {"deviceId": "device-mqtt-001", "temperature": 23.255713265579196, "humidity": 52.733190812483905, "timestamp": 1769701922763.6106}
Publishing to v1/devices/me/telemetry: {"deviceId": "device-mqtt-001", "temperature": 28.925767411429362, "humidity": 33.09658062575857, "timestamp": 1769701924766.102}
Publishing to v1/devices/me/telemetry: {"deviceId": "device-mqtt-001", "temperature": 20.614213901552723, "humidity": 56.383978525018996, "timestamp": 1769701926768.517}
Publishing to v1/devices/me/telemetry: {"deviceId": "device-mqtt-001", "temperature": 31.915396015292437, "humidity": 40.858436856938994, "timestamp": 1769701928770.4573}
Publishing to v1/devices/me/telemetry: {"deviceId": "device-mqtt-001", "temperature": 27.471430119004083, "humidity": 31.051917628820394, "timestamp": 1769701930772.9033}
Publishing to v1/devices/me/telemetry: {"deviceId": "device-mqtt-001", "temperature": 33.99904681691461, "humidity": 68.16856499170234, "timestamp": 1769701932775.2544}
Publishing to v1/devices/me/telemetry: {"deviceId": "device-mqtt-001", "temperature": 32.766636731499695, "humidity": 52.409508845376635, "timestamp": 1769701934777.711}
Publishing to v1/devices/me/telemetry: {"deviceId": "device-mqtt-001", "temperature": 32.62790438405319, "humidity": 62.148146463156905, "timestamp": 1769701936780.2314}
Publishing to v1/devices/me/telemetry: {"deviceId": "device-mqtt-001", "temperature": 29.464237492007634, "humidity": 61.41561392422671, "timestamp": 1769701938782.5923}
Publishing to v1/devices/me/telemetry: {"deviceId": "device-mqtt-001", "temperature": 28.07689048574479, "humidity": 58.97398210938479, "timestamp": 1769701940784.9712}
Publishing to v1/devices/me/telemetry: {"deviceId": "device-mqtt-001", "temperature": 29.032956146120625, "humidity": 68.03947604898963, "timestamp": 1769701942787.3896}
Publishing to v1/devices/me/telemetry: {"deviceId": "device-mqtt-001", "temperature": 24.08156508781738, "humidity": 61.46255043899551, "timestamp": 1769701944789.7896}
Publishing to v1/devices/me/telemetry: {"deviceId": "device-mqtt-001", "temperature": 30.140637580828283, "humidity": 39.94444372513709, "timestamp": 1769701946792.1921}
Publishing to v1/devices/me/telemetry: {"deviceId": "device-mqtt-001", "temperature": 33.04085616675117, "humidity": 34.52158756651895, "timestamp": 1769701948816.4138}
Publishing to v1/devices/me/telemetry: {"deviceId": "device-mqtt-001", "temperature": 28.840050383504938, "humidity": 36.22481546783479, "timestamp": 1769701950818.8433}
Publishing to v1/devices/me/telemetry: {"deviceId": "device-mqtt-001", "temperature": 22.869898745759574, "humidity": 66.63010473299384, "timestamp": 1769701952821.2446}
Publishing to v1/devices/me/telemetry: {"deviceId": "device-mqtt-001", "temperature": 20.77971454205903, "humidity": 56.74688273417565, "timestamp": 1769701954823.6309}
Publishing to v1/devices/me/telemetry: {"deviceId": "device-mqtt-001", "temperature": 33.4894899424438, "humidity": 39.03857731196389, "timestamp": 1769701956826.015}
Publishing to v1/devices/me/telemetry: {"deviceId": "device-mqtt-001", "temperature": 30.872335922355195, "humidity": 53.677127205732745, "timestamp": 1769701958828.3564}
Publishing to v1/devices/me/telemetry: {"deviceId": "device-mqtt-001", "temperature": 31.238643594887776, "humidity": 30.875065517029206, "timestamp": 1769701960830.7402}
Publishing to v1/devices/me/telemetry: {"deviceId": "device-mqtt-001", "temperature": 30.372192693191685, "humidity": 58.69913691714884, "timestamp": 1769701962833.1455}
Publishing to v1/devices/me/telemetry: {"deviceId": "device-mqtt-001", "temperature": 24.089506024984974, "humidity": 39.436680169125964, "timestamp": 1769701964835.5574}
Publishing to v1/devices/me/telemetry: {"deviceId": "device-mqtt-001", "temperature": 20.52294650379563, "humidity": 62.694832190841865, "timestamp": 1769701966837.9578}
Publishing to v1/devices/me/telemetry: {"deviceId": "device-mqtt-001", "temperature": 27.578684288708985, "humidity": 47.203489540015035, "timestamp": 1769701968840.4004}
Publishing to v1/devices/me/telemetry: {"deviceId": "device-mqtt-001", "temperature": 34.69365154417581, "humidity": 62.237239955782485, "timestamp": 1769701970842.8833}
Publishing to v1/devices/me/telemetry: {"deviceId": "device-mqtt-001", "temperature": 20.880128225797094, "humidity": 36.50040104978626, "timestamp": 1769701972845.379}
Publishing to v1/devices/me/telemetry: {"deviceId": "device-mqtt-001", "temperature": 33.73824547995071, "humidity": 52.42159368197029, "timestamp": 1769701974848.1174}
Publishing to v1/devices/me/telemetry: {"deviceId": "device-mqtt-001", "temperature": 27.94603265601463, "humidity": 59.44843765481262, "timestamp": 1769701976850.5571}
Publishing to v1/devices/me/telemetry: {"deviceId": "device-mqtt-001", "temperature": 25.926433859231068, "humidity": 58.035961569464604, "timestamp": 1769701978852.976}
Publishing to v1/devices/me/telemetry: {"deviceId": "device-mqtt-001", "temperature": 32.406596995223644, "humidity": 58.357730975389714, "timestamp": 1769701980855.398}
Publishing to v1/devices/me/telemetry: {"deviceId": "device-mqtt-001", "temperature": 26.0570487088306, "humidity": 33.17813746840797, "timestamp": 1769701982857.871}
Publishing to v1/devices/me/telemetry: {"deviceId": "device-mqtt-001", "temperature": 28.128346082206118, "humidity": 56.67692733795782, "timestamp": 1769701984858.385}
Publishing to v1/devices/me/telemetry: {"deviceId": "device-mqtt-001", "temperature": 28.499495415447498, "humidity": 33.609727686775905, "timestamp": 1769701986859.8757}
Publishing to v1/devices/me/telemetry: {"deviceId": "device-mqtt-001", "temperature": 32.57887396577999, "humidity": 60.01952394482073, "timestamp": 1769701988862.3994}
Publishing to v1/devices/me/telemetry: {"deviceId": "device-mqtt-001", "temperature": 24.419644299539215, "humidity": 33.37276172173603, "timestamp": 1769701990866.0647}
Publishing to v1/devices/me/telemetry: {"deviceId": "device-mqtt-001", "temperature": 25.465385285547942, "humidity": 39.5495927415824, "timestamp": 1769701992866.633}
Publishing to v1/devices/me/telemetry: {"deviceId": "device-mqtt-001", "temperature": 20.790306839309444, "humidity": 52.787790235447666, "timestamp": 1769701994868.823}
Publishing to v1/devices/me/telemetry: {"deviceId": "device-mqtt-001", "temperature": 30.41349576296917, "humidity": 40.69476568711522, "timestamp": 1769701996870.66}
Publishing to v1/devices/me/telemetry: {"deviceId": "device-mqtt-001", "temperature": 27.155603496365064, "humidity": 67.69910433358666, "timestamp": 1769701998873.096}
Publishing to v1/devices/me/telemetry: {"deviceId": "device-mqtt-001", "temperature": 33.06708512445124, "humidity": 63.74185978179798, "timestamp": 1769702000875.531}
Publishing to v1/devices/me/telemetry: {"deviceId": "device-mqtt-001", "temperature": 25.132205837534507, "humidity": 68.36393461308835, "timestamp": 1769702002877.5718}
Publishing to v1/devices/me/telemetry: {"deviceId": "device-mqtt-001", "temperature": 22.948361700944698, "humidity": 49.78900497132515, "timestamp": 1769702004880.1118}
Publishing to v1/devices/me/telemetry: {"deviceId": "device-mqtt-001", "temperature": 34.836928766187796, "humidity": 37.680951396872125, "timestamp": 1769702006882.5808}
Publishing to v1/devices/me/telemetry: {"deviceId": "device-mqtt-001", "temperature": 21.816375428513876, "humidity": 55.020992765267884, "timestamp": 1769702008885.0325}
Publishing to v1/devices/me/telemetry: {"deviceId": "device-mqtt-001", "temperature": 20.452120335834454, "humidity": 65.56536887921423, "timestamp": 1769702010886.4329}
Publishing to v1/devices/me/telemetry: {"deviceId": "device-mqtt-001", "temperature": 31.620307162987707, "humidity": 34.196572469391214, "timestamp": 1769702012888.839}
Publishing to v1/devices/me/telemetry: {"deviceId": "device-mqtt-001", "temperature": 28.38226235162333, "humidity": 38.11692805240596, "timestamp": 1769702014891.266}
Publishing to v1/devices/me/telemetry: {"deviceId": "device-mqtt-001", "temperature": 25.863878331831756, "humidity": 33.679583706923815, "timestamp": 1769702016892.6958}
Publishing to v1/devices/me/telemetry: {"deviceId": "device-mqtt-001", "temperature": 28.785453240530487, "humidity": 30.30253438942861, "timestamp": 1769702018893.3767}
Publishing to v1/devices/me/telemetry: {"deviceId": "device-mqtt-001", "temperature": 21.983409971399247, "humidity": 65.78692532823587, "timestamp": 1769702020896.0298}
Publishing to v1/devices/me/telemetry: {"deviceId": "device-mqtt-001", "temperature": 29.777954852756654, "humidity": 34.42144214891604, "timestamp": 1769702022898.4595}
Publishing to v1/devices/me/telemetry: {"deviceId": "device-mqtt-001", "temperature": 20.033456381843187, "humidity": 57.3209780849087, "timestamp": 1769702024901.2427}
Publishing to v1/devices/me/telemetry: {"deviceId": "device-mqtt-001", "temperature": 29.636873109937106, "humidity": 47.972684138031575, "timestamp": 1769702026902.6848}
Publishing to v1/devices/me/telemetry: {"deviceId": "device-mqtt-001", "temperature": 20.847058893586976, "humidity": 51.27755297865605, "timestamp": 1769702028905.9297}
Publishing to v1/devices/me/telemetry: {"deviceId": "device-mqtt-001", "temperature": 32.599768529690344, "humidity": 35.2804546190361, "timestamp": 1769702030908.9397}
Publishing to v1/devices/me/telemetry: {"deviceId": "device-mqtt-001", "temperature": 33.352706826989206, "humidity": 43.18269304747106, "timestamp": 1769702032911.4185}
Publishing to v1/devices/me/telemetry: {"deviceId": "device-mqtt-001", "temperature": 26.800767038658268, "humidity": 33.87993863670001, "timestamp": 1769702034913.9846}
Publishing to v1/devices/me/telemetry: {"deviceId": "device-mqtt-001", "temperature": 26.173053393863867, "humidity": 30.249549288525767, "timestamp": 1769702036914.4636}
Publishing to v1/devices/me/telemetry: {"deviceId": "device-mqtt-001", "temperature": 24.578225151296632, "humidity": 44.89658647575024, "timestamp": 1769702038917.001}
Publishing to v1/devices/me/telemetry: {"deviceId": "device-mqtt-001", "temperature": 28.997298221495257, "humidity": 55.19228694374938, "timestamp": 1769702040918.3755}
Publishing to v1/devices/me/telemetry: {"deviceId": "device-mqtt-001", "temperature": 25.67785948352052, "humidity": 68.56634688378757, "timestamp": 1769702042920.7722}
Publishing to v1/devices/me/telemetry: {"deviceId": "device-mqtt-001", "temperature": 32.03555588828512, "humidity": 60.69959160955736, "timestamp": 1769702044923.262}
Publishing to v1/devices/me/telemetry: {"deviceId": "device-mqtt-001", "temperature": 29.793411078809697, "humidity": 66.89130328566885, "timestamp": 1769702046925.72}
Publishing to v1/devices/me/telemetry: {"deviceId": "device-mqtt-001", "temperature": 30.642957388512286, "humidity": 62.204003287859976, "timestamp": 1769702048928.1494}
Publishing to v1/devices/me/telemetry: {"deviceId": "device-mqtt-001", "temperature": 32.59881405970485, "humidity": 31.175439778406083, "timestamp": 1769702050930.6514}
Publishing to v1/devices/me/telemetry: {"deviceId": "device-mqtt-001", "temperature": 28.280285392368114, "humidity": 51.86114556099082, "timestamp": 1769702052933.1233}
Publishing to v1/devices/me/telemetry: {"deviceId": "device-mqtt-001", "temperature": 23.953917694368144, "humidity": 41.795116454307, "timestamp": 1769702054936.7153}
Publishing to v1/devices/me/telemetry: {"deviceId": "device-mqtt-001", "temperature": 23.109215874805997, "humidity": 34.166399428585926, "timestamp": 1769702056939.128}
Publishing to v1/devices/me/telemetry: {"deviceId": "device-mqtt-001", "temperature": 20.108938768473394, "humidity": 30.55174222861379, "timestamp": 1769702058941.567}
Publishing to v1/devices/me/telemetry: {"deviceId": "device-mqtt-001", "temperature": 30.27296807230427, "humidity": 60.112185550999634, "timestamp": 1769702060943.7407}
Publishing to v1/devices/me/telemetry: {"deviceId": "device-mqtt-001", "temperature": 27.514952787066413, "humidity": 52.14604404533952, "timestamp": 1769702062946.0586}
Publishing to v1/devices/me/telemetry: {"deviceId": "device-mqtt-001", "temperature": 20.553233522360618, "humidity": 58.28999645844985, "timestamp": 1769702064948.436}
Publishing to v1/devices/me/telemetry: {"deviceId": "device-mqtt-001", "temperature": 25.01445258120107, "humidity": 47.31524150627267, "timestamp": 1769702066950.8132}
Publishing to v1/devices/me/telemetry: {"deviceId": "device-mqtt-001", "temperature": 28.807349538089156, "humidity": 47.857298048157105, "timestamp": 1769702068951.6526}
Publishing to v1/devices/me/telemetry: {"deviceId": "device-mqtt-001", "temperature": 29.921890879191416, "humidity": 56.32050980451277, "timestamp": 1769702070954.0884}
Publishing to v1/devices/me/telemetry: {"deviceId": "device-mqtt-001", "temperature": 34.643412287891465, "humidity": 59.342875162675085, "timestamp": 1769702072956.5508}
Publishing to v1/devices/me/telemetry: {"deviceId": "device-mqtt-001", "temperature": 26.210290145573733, "humidity": 57.90176139580541, "timestamp": 1769702074958.4697}
Publishing to v1/devices/me/telemetry: {"deviceId": "device-mqtt-001", "temperature": 25.479406075593943, "humidity": 49.55779569724548, "timestamp": 1769702076960.8787}
Publishing to v1/devices/me/telemetry: {"deviceId": "device-mqtt-001", "temperature": 22.707578472415992, "humidity": 48.15306658021308, "timestamp": 1769702078963.259}
Publishing to v1/devices/me/telemetry: {"deviceId": "device-mqtt-001", "temperature": 24.9900416000759, "humidity": 66.20835969189393, "timestamp": 1769702080965.6484}
Publishing to v1/devices/me/telemetry: {"deviceId": "device-mqtt-001", "temperature": 21.74051972240427, "humidity": 30.845230024195263, "timestamp": 1769702082968.1653}
Publishing to v1/devices/me/telemetry: {"deviceId": "device-mqtt-001", "temperature": 23.724875515731615, "humidity": 32.47028025056809, "timestamp": 1769702084970.4004}
Publishing to v1/devices/me/telemetry: {"deviceId": "device-mqtt-001", "temperature": 31.884608065172902, "humidity": 58.089214986920894, "timestamp": 1769702086972.785}
Publishing to v1/devices/me/telemetry: {"deviceId": "device-mqtt-001", "temperature": 33.16618975118201, "humidity": 59.98453264107418, "timestamp": 1769702088975.2117}
Publishing to v1/devices/me/telemetry: {"deviceId": "device-mqtt-001", "temperature": 23.092798931915453, "humidity": 41.656364256633125, "timestamp": 1769702090977.6545}
Publishing to v1/devices/me/telemetry: {"deviceId": "device-mqtt-001", "temperature": 29.226483738054945, "humidity": 62.16801092478544, "timestamp": 1769702092980.0647}
Publishing to v1/devices/me/telemetry: {"deviceId": "device-mqtt-001", "temperature": 33.61609852469982, "humidity": 69.17913021334515, "timestamp": 1769702094982.4553}
Publishing to v1/devices/me/telemetry: {"deviceId": "device-mqtt-001", "temperature": 33.51389136174762, "humidity": 57.70787052404033, "timestamp": 1769702096985.0234}
Publishing to v1/devices/me/telemetry: {"deviceId": "device-mqtt-001", "temperature": 22.80273131812075, "humidity": 61.71482290981986, "timestamp": 1769702098987.5833}
Publishing to v1/devices/me/telemetry: {"deviceId": "device-mqtt-001", "temperature": 20.433002976054393, "humidity": 57.986857616839366, "timestamp": 1769702100990.102}
Publishing to v1/devices/me/telemetry: {"deviceId": "device-mqtt-001", "temperature": 30.988983724200256, "humidity": 45.74871832905107, "timestamp": 1769702102997.5547}
Publishing to v1/devices/me/telemetry: {"deviceId": "device-mqtt-001", "temperature": 26.473892654779597, "humidity": 61.38929838691338, "timestamp": 1769702104999.9722}
Publishing to v1/devices/me/telemetry: {"deviceId": "device-mqtt-001", "temperature": 24.674091893164277, "humidity": 65.3742870968457, "timestamp": 1769702107002.7217}
Publishing to v1/devices/me/telemetry: {"deviceId": "device-mqtt-001", "temperature": 28.851004334357043, "humidity": 32.94810873853788, "timestamp": 1769702109005.224}
Publishing to v1/devices/me/telemetry: {"deviceId": "device-mqtt-001", "temperature": 29.265705571726958, "humidity": 47.77009569593602, "timestamp": 1769702111007.6692}
Publishing to v1/devices/me/telemetry: {"deviceId": "device-mqtt-001", "temperature": 26.36664197538054, "humidity": 47.07813852935759, "timestamp": 1769702113010.256}
Publishing to v1/devices/me/telemetry: {"deviceId": "device-mqtt-001", "temperature": 34.2699040765083, "humidity": 39.04629060565756, "timestamp": 1769702115011.356}
Publishing to v1/devices/me/telemetry: {"deviceId": "device-mqtt-001", "temperature": 23.734946471803667, "humidity": 52.392852304531566, "timestamp": 1769702117013.8235}
Publishing to v1/devices/me/telemetry: {"deviceId": "device-mqtt-001", "temperature": 23.229250310610347, "humidity": 47.4770564632328, "timestamp": 1769702119014.4294}
Publishing to v1/devices/me/telemetry: {"deviceId": "device-mqtt-001", "temperature": 32.991431254472324, "humidity": 55.16920225936008, "timestamp": 1769702121016.835}
Publishing to v1/devices/me/telemetry: {"deviceId": "device-mqtt-001", "temperature": 20.171161932524285, "humidity": 31.538395116447006, "timestamp": 1769702123019.2437}
Publishing to v1/devices/me/telemetry: {"deviceId": "device-mqtt-001", "temperature": 21.387607317846992, "humidity": 33.627894700203875, "timestamp": 1769702125021.7153}
Publishing to v1/devices/me/telemetry: {"deviceId": "device-mqtt-001", "temperature": 31.165522091603208, "humidity": 39.7522722048182, "timestamp": 1769702127024.2295}
Publishing to v1/devices/me/telemetry: {"deviceId": "device-mqtt-001", "temperature": 20.94253777887059, "humidity": 53.87331998332104, "timestamp": 1769702129026.8333}
Publishing to v1/devices/me/telemetry: {"deviceId": "device-mqtt-001", "temperature": 23.76319059898423, "humidity": 53.842238323705416, "timestamp": 1769702131029.2578}
Publishing to v1/devices/me/telemetry: {"deviceId": "device-mqtt-001", "temperature": 24.79615798499775, "humidity": 58.5146777851942, "timestamp": 1769702133031.695}
Publishing to v1/devices/me/telemetry: {"deviceId": "device-mqtt-001", "temperature": 20.705938894301465, "humidity": 56.12655016841922, "timestamp": 1769702135034.114}
Publishing to v1/devices/me/telemetry: {"deviceId": "device-mqtt-001", "temperature": 20.76091794106405, "humidity": 50.26756461306032, "timestamp": 1769702137036.555}
Publishing to v1/devices/me/telemetry: {"deviceId": "device-mqtt-001", "temperature": 32.79288561504377, "humidity": 57.274732986558654, "timestamp": 1769702139038.8674}
Publishing to v1/devices/me/telemetry: {"deviceId": "device-mqtt-001", "temperature": 20.150686085387974, "humidity": 52.62127062841639, "timestamp": 1769702141041.218}
Publishing to v1/devices/me/telemetry: {"deviceId": "device-mqtt-001", "temperature": 21.92909970592132, "humidity": 55.91706380619741, "timestamp": 1769702143043.5654}
Publishing to v1/devices/me/telemetry: {"deviceId": "device-mqtt-001", "temperature": 26.5234788962648, "humidity": 66.63115471260369, "timestamp": 1769702145044.26}
Publishing to v1/devices/me/telemetry: {"deviceId": "device-mqtt-001", "temperature": 29.834671649390145, "humidity": 56.590473005063274, "timestamp": 1769702147045.2913}
Publishing to v1/devices/me/telemetry: {"deviceId": "device-mqtt-001", "temperature": 23.380271487630623, "humidity": 63.855032428609334, "timestamp": 1769702149048.0806}
Publishing to v1/devices/me/telemetry: {"deviceId": "device-mqtt-001", "temperature": 22.803889717546177, "humidity": 44.608137389548546, "timestamp": 1769702151050.5063}
Publishing to v1/devices/me/telemetry: {"deviceId": "device-mqtt-001", "temperature": 26.338443445075317, "humidity": 51.365923671182486, "timestamp": 1769702153052.6284}
Publishing to v1/devices/me/telemetry: {"deviceId": "device-mqtt-001", "temperature": 20.77063935353733, "humidity": 41.13131014699342, "timestamp": 1769702155054.4448}
Publishing to v1/devices/me/telemetry: {"deviceId": "device-mqtt-001", "temperature": 26.946355017015776, "humidity": 57.42222907130786, "timestamp": 1769702157056.9744}
Publishing to v1/devices/me/telemetry: {"deviceId": "device-mqtt-001", "temperature": 27.915596181597067, "humidity": 48.266031967826635, "timestamp": 1769702159060.2656}
Publishing to v1/devices/me/telemetry: {"deviceId": "device-mqtt-001", "temperature": 32.6351796453852, "humidity": 32.59849849567612, "timestamp": 1769702161063.0771}
Publishing to v1/devices/me/telemetry: {"deviceId": "device-mqtt-001", "temperature": 30.317332918131136, "humidity": 39.89630369868382, "timestamp": 1769702163065.605}
Publishing to v1/devices/me/telemetry: {"deviceId": "device-mqtt-001", "temperature": 25.437593631537133, "humidity": 41.58499035580174, "timestamp": 1769702165066.584}
Publishing to v1/devices/me/telemetry: {"deviceId": "device-mqtt-001", "temperature": 26.72748777551703, "humidity": 37.56018350356092, "timestamp": 1769702167069.1216}
Publishing to v1/devices/me/telemetry: {"deviceId": "device-mqtt-001", "temperature": 29.039308843704887, "humidity": 65.25483658718633, "timestamp": 1769702169071.7473}
Publishing to v1/devices/me/telemetry: {"deviceId": "device-mqtt-001", "temperature": 31.573395778135513, "humidity": 33.55502379707761, "timestamp": 1769702171074.1426}
Publishing to v1/devices/me/telemetry: {"deviceId": "device-mqtt-001", "temperature": 21.65421326762229, "humidity": 51.60337710848031, "timestamp": 1769702173076.64}
Publishing to v1/devices/me/telemetry: {"deviceId": "device-mqtt-001", "temperature": 24.75886723441899, "humidity": 63.831730770390465, "timestamp": 1769702175078.4495}
Publishing to v1/devices/me/telemetry: {"deviceId": "device-mqtt-001", "temperature": 22.24734044533581, "humidity": 50.2540527605659, "timestamp": 1769702177080.8533}
Publishing to v1/devices/me/telemetry: {"deviceId": "device-mqtt-001", "temperature": 32.6273062133599, "humidity": 64.87140072467407, "timestamp": 1769702179082.3755}
Publishing to v1/devices/me/telemetry: {"deviceId": "device-mqtt-001", "temperature": 26.798692399274707, "humidity": 39.96515580223059, "timestamp": 1769702181084.7805}
Publishing to v1/devices/me/telemetry: {"deviceId": "device-mqtt-001", "temperature": 29.64327174522944, "humidity": 49.40255663791439, "timestamp": 1769702183087.1597}
Publishing to v1/devices/me/telemetry: {"deviceId": "device-mqtt-001", "temperature": 34.62709120937514, "humidity": 42.37880362463753, "timestamp": 1769702185089.5334}
Publishing to v1/devices/me/telemetry: {"deviceId": "device-mqtt-001", "temperature": 33.80027718686986, "humidity": 66.13988693444685, "timestamp": 1769702187091.892}
Publishing to v1/devices/me/telemetry: {"deviceId": "device-mqtt-001", "temperature": 21.96448242555214, "humidity": 67.14352906059264, "timestamp": 1769702189094.3584}
Publishing to v1/devices/me/telemetry: {"deviceId": "device-mqtt-001", "temperature": 32.109535971253734, "humidity": 40.57336914829941, "timestamp": 1769702191096.8953}
Publishing to v1/devices/me/telemetry: {"deviceId": "device-mqtt-001", "temperature": 20.491205641942074, "humidity": 50.574894410018274, "timestamp": 1769702193099.3767}
Publishing to v1/devices/me/telemetry: {"deviceId": "device-mqtt-001", "temperature": 22.19070849883269, "humidity": 56.210973566804256, "timestamp": 1769702195101.7656}
Publishing to v1/devices/me/telemetry: {"deviceId": "device-mqtt-001", "temperature": 34.75052362678857, "humidity": 66.31721895092096, "timestamp": 1769702197104.1711}
Publishing to v1/devices/me/telemetry: {"deviceId": "device-mqtt-001", "temperature": 23.42420478194793, "humidity": 57.98797740329783, "timestamp": 1769702199106.607}
Publishing to v1/devices/me/telemetry: {"deviceId": "device-mqtt-001", "temperature": 25.324342084204517, "humidity": 55.23265772232759, "timestamp": 1769702201109.0625}
Publishing to v1/devices/me/telemetry: {"deviceId": "device-mqtt-001", "temperature": 27.97170604636893, "humidity": 62.24895788638085, "timestamp": 1769702203111.5671}
Publishing to v1/devices/me/telemetry: {"deviceId": "device-mqtt-001", "temperature": 24.43322525509062, "humidity": 36.754764611707046, "timestamp": 1769702205114.0305}
Publishing to v1/devices/me/telemetry: {"deviceId": "device-mqtt-001", "temperature": 32.64452895825077, "humidity": 42.55361918338602, "timestamp": 1769702207115.2212}
Publishing to v1/devices/me/telemetry: {"deviceId": "device-mqtt-001", "temperature": 25.30992728149981, "humidity": 38.57650428473051, "timestamp": 1769702209117.5515}
Publishing to v1/devices/me/telemetry: {"deviceId": "device-mqtt-001", "temperature": 21.215482483926348, "humidity": 36.98149827039327, "timestamp": 1769702211119.921}
Publishing to v1/devices/me/telemetry: {"deviceId": "device-mqtt-001", "temperature": 33.462352863315424, "humidity": 57.02410777965068, "timestamp": 1769702213122.3494}
Publishing to v1/devices/me/telemetry: {"deviceId": "device-mqtt-001", "temperature": 25.98827337750245, "humidity": 64.51487409604458, "timestamp": 1769702215124.7402}
Publishing to v1/devices/me/telemetry: {"deviceId": "device-mqtt-001", "temperature": 28.914625331140755, "humidity": 51.6576506526178, "timestamp": 1769702217127.1821}
Publishing to v1/devices/me/telemetry: {"deviceId": "device-mqtt-001", "temperature": 32.468022171310665, "humidity": 31.7760577019205, "timestamp": 1769702219129.3303}
Publishing to v1/devices/me/telemetry: {"deviceId": "device-mqtt-001", "temperature": 25.636386780204123, "humidity": 69.6863868741606, "timestamp": 1769702221131.7576}
Publishing to v1/devices/me/telemetry: {"deviceId": "device-mqtt-001", "temperature": 29.31160739798883, "humidity": 44.9768782217491, "timestamp": 1769702223134.1401}
Publishing to v1/devices/me/telemetry: {"deviceId": "device-mqtt-001", "temperature": 26.742137205275338, "humidity": 52.86557832697454, "timestamp": 1769702225136.611}
Publishing to v1/devices/me/telemetry: {"deviceId": "device-mqtt-001", "temperature": 25.70073398187847, "humidity": 52.179459815198214, "timestamp": 1769702227138.3945}
Publishing to v1/devices/me/telemetry: {"deviceId": "device-mqtt-001", "temperature": 21.008157050429805, "humidity": 46.66140508899516, "timestamp": 1769702229140.8342}
Publishing to v1/devices/me/telemetry: {"deviceId": "device-mqtt-001", "temperature": 24.957128152758163, "humidity": 36.83061997647652, "timestamp": 1769702231143.2126}
Publishing to v1/devices/me/telemetry: {"deviceId": "device-mqtt-001", "temperature": 31.79647397434334, "humidity": 52.38420913041598, "timestamp": 1769702233152.2156}
Publishing to v1/devices/me/telemetry: {"deviceId": "device-mqtt-001", "temperature": 24.911046915064322, "humidity": 42.77275234304479, "timestamp": 1769702235154.4524}
Publishing to v1/devices/me/telemetry: {"deviceId": "device-mqtt-001", "temperature": 32.741715217998475, "humidity": 65.18344342096736, "timestamp": 1769702237157.8003}
Publishing to v1/devices/me/telemetry: {"deviceId": "device-mqtt-001", "temperature": 21.273143956452486, "humidity": 65.07050158445185, "timestamp": 1769702239160.2559}
Publishing to v1/devices/me/telemetry: {"deviceId": "device-mqtt-001", "temperature": 30.791453915866754, "humidity": 68.22382032195813, "timestamp": 1769702241162.6262}
Publishing to v1/devices/me/telemetry: {"deviceId": "device-mqtt-001", "temperature": 21.660842742375966, "humidity": 56.391496265060994, "timestamp": 1769702243165.0261}
Publishing to v1/devices/me/telemetry: {"deviceId": "device-mqtt-001", "temperature": 25.19721719977244, "humidity": 34.28023288805785, "timestamp": 1769702245166.396}
Publishing to v1/devices/me/telemetry: {"deviceId": "device-mqtt-001", "temperature": 33.88434719712802, "humidity": 32.17597906077248, "timestamp": 1769702247168.817}
Publishing to v1/devices/me/telemetry: {"deviceId": "device-mqtt-001", "temperature": 33.35453306918287, "humidity": 66.32679880866021, "timestamp": 1769702249171.2595}
Publishing to v1/devices/me/telemetry: {"deviceId": "device-mqtt-001", "temperature": 27.812481121224252, "humidity": 68.01062883009436, "timestamp": 1769702251175.389}
Publishing to v1/devices/me/telemetry: {"deviceId": "device-mqtt-001", "temperature": 27.480633713997683, "humidity": 69.740361900529, "timestamp": 1769702253190.602}
Publishing to v1/devices/me/telemetry: {"deviceId": "device-mqtt-001", "temperature": 23.631493340054988, "humidity": 56.89628975008033, "timestamp": 1769702255192.4988}
Publishing to v1/devices/me/telemetry: {"deviceId": "device-mqtt-001", "temperature": 29.415341334113705, "humidity": 57.28546582173228, "timestamp": 1769702257194.999}
Publishing to v1/devices/me/telemetry: {"deviceId": "device-mqtt-001", "temperature": 26.749712984263063, "humidity": 42.0271223653394, "timestamp": 1769702259197.382}
Publishing to v1/devices/me/telemetry: {"deviceId": "device-mqtt-001", "temperature": 22.450523509662567, "humidity": 34.853826638111784, "timestamp": 1769702261199.8018}
Publishing to v1/devices/me/telemetry: {"deviceId": "device-mqtt-001", "temperature": 29.438437992024703, "humidity": 67.90584501446386, "timestamp": 1769702263202.2988}
Publishing to v1/devices/me/telemetry: {"deviceId": "device-mqtt-001", "temperature": 27.894819171212152, "humidity": 59.280253920303245, "timestamp": 1769702265204.67}
Publishing to v1/devices/me/telemetry: {"deviceId": "device-mqtt-001", "temperature": 27.708004416007867, "humidity": 54.10718090137294, "timestamp": 1769702267207.0823}
Publishing to v1/devices/me/telemetry: {"deviceId": "device-mqtt-001", "temperature": 30.593761364592247, "humidity": 44.51458798517997, "timestamp": 1769702269209.528}
Publishing to v1/devices/me/telemetry: {"deviceId": "device-mqtt-001", "temperature": 20.255126350523877, "humidity": 43.397012533120154, "timestamp": 1769702271210.4746}
Publishing to v1/devices/me/telemetry: {"deviceId": "device-mqtt-001", "temperature": 31.74942785457864, "humidity": 36.745953041345444, "timestamp": 1769702273212.9387}
Publishing to v1/devices/me/telemetry: {"deviceId": "device-mqtt-001", "temperature": 23.44151201580774, "humidity": 42.179399384465825, "timestamp": 1769702275215.507}
Publishing to v1/devices/me/telemetry: {"deviceId": "device-mqtt-001", "temperature": 28.079960390542475, "humidity": 41.59517523823587, "timestamp": 1769702277217.9155}
Publishing to v1/devices/me/telemetry: {"deviceId": "device-mqtt-001", "temperature": 30.07704560484534, "humidity": 37.775786943907605, "timestamp": 1769702279220.2493}
Publishing to v1/devices/me/telemetry: {"deviceId": "device-mqtt-001", "temperature": 21.353021751048388, "humidity": 39.648906354542525, "timestamp": 1769702281222.6414}
Publishing to v1/devices/me/telemetry: {"deviceId": "device-mqtt-001", "temperature": 32.775503077163606, "humidity": 53.54753287026079, "timestamp": 1769702283225.212}
Publishing to v1/devices/me/telemetry: {"deviceId": "device-mqtt-001", "temperature": 25.459081997902945, "humidity": 42.322035388372846, "timestamp": 1769702285227.6497}
Publishing to v1/devices/me/telemetry: {"deviceId": "device-mqtt-001", "temperature": 26.463566674970377, "humidity": 49.191956977458894, "timestamp": 1769702287230.0398}
Publishing to v1/devices/me/telemetry: {"deviceId": "device-mqtt-001", "temperature": 25.024717216631718, "humidity": 38.276649460848944, "timestamp": 1769702289232.5256}
Publishing to v1/devices/me/telemetry: {"deviceId": "device-mqtt-001", "temperature": 21.441762245239236, "humidity": 48.078531370918746, "timestamp": 1769702291234.8887}
Publishing to v1/devices/me/telemetry: {"deviceId": "device-mqtt-001", "temperature": 29.287989717918197, "humidity": 69.5146482221315, "timestamp": 1769702293237.2654}
Publishing to v1/devices/me/telemetry: {"deviceId": "device-mqtt-001", "temperature": 29.564185470111255, "humidity": 37.37512296778776, "timestamp": 1769702295239.6948}
Publishing to v1/devices/me/telemetry: {"deviceId": "device-mqtt-001", "temperature": 32.43416590174409, "humidity": 56.73720048640497, "timestamp": 1769702297242.1123}
Publishing to v1/devices/me/telemetry: {"deviceId": "device-mqtt-001", "temperature": 29.406005360687516, "humidity": 49.27231463143073, "timestamp": 1769702299244.646}
Publishing to v1/devices/me/telemetry: {"deviceId": "device-mqtt-001", "temperature": 20.824288953139114, "humidity": 67.71412736236856, "timestamp": 1769702301246.4006}
Publishing to v1/devices/me/telemetry: {"deviceId": "device-mqtt-001", "temperature": 34.430847117447456, "humidity": 42.833329091203524, "timestamp": 1769702303249.9485}
Publishing to v1/devices/me/telemetry: {"deviceId": "device-mqtt-001", "temperature": 23.612811157277193, "humidity": 59.48899091653102, "timestamp": 1769702305252.3875}
Publishing to v1/devices/me/telemetry: {"deviceId": "device-mqtt-001", "temperature": 23.035449528293825, "humidity": 43.062401020521605, "timestamp": 1769702307252.7988}
Publishing to v1/devices/me/telemetry: {"deviceId": "device-mqtt-001", "temperature": 32.959038390329894, "humidity": 35.00689383311994, "timestamp": 1769702309255.2947}
Publishing to v1/devices/me/telemetry: {"deviceId": "device-mqtt-001", "temperature": 32.83637288291009, "humidity": 31.37595872208257, "timestamp": 1769702311257.5442}
Publishing to v1/devices/me/telemetry: {"deviceId": "device-mqtt-001", "temperature": 29.556604076513693, "humidity": 40.454594108492536, "timestamp": 1769702313259.9766}
Publishing to v1/devices/me/telemetry: {"deviceId": "device-mqtt-001", "temperature": 20.137995640838657, "humidity": 37.83175259572892, "timestamp": 1769702315262.5203}
Publishing to v1/devices/me/telemetry: {"deviceId": "device-mqtt-001", "temperature": 32.097013012846745, "humidity": 45.02273408654602, "timestamp": 1769702317265.05}
Publishing to v1/devices/me/telemetry: {"deviceId": "device-mqtt-001", "temperature": 32.51904768371712, "humidity": 33.4410477022361, "timestamp": 1769702319267.5364}
Publishing to v1/devices/me/telemetry: {"deviceId": "device-mqtt-001", "temperature": 27.959956567540818, "humidity": 43.59974906942391, "timestamp": 1769702321269.9517}
Publishing to v1/devices/me/telemetry: {"deviceId": "device-mqtt-001", "temperature": 22.58105429451619, "humidity": 45.30643934091834, "timestamp": 1769702323272.3962}
Publishing to v1/devices/me/telemetry: {"deviceId": "device-mqtt-001", "temperature": 27.46882341740533, "humidity": 40.726589983959045, "timestamp": 1769702325274.9404}
Publishing to v1/devices/me/telemetry: {"deviceId": "device-mqtt-001", "temperature": 31.466960019237355, "humidity": 47.06252242926651, "timestamp": 1769702327277.185}
Publishing to v1/devices/me/telemetry: {"deviceId": "device-mqtt-001", "temperature": 23.351997403253083, "humidity": 57.439615041209805, "timestamp": 1769702329277.614}
Publishing to v1/devices/me/telemetry: {"deviceId": "device-mqtt-001", "temperature": 32.86391619029388, "humidity": 54.220061454008174, "timestamp": 1769702331280.1973}
Publishing to v1/devices/me/telemetry: {"deviceId": "device-mqtt-001", "temperature": 33.94145015034158, "humidity": 50.98749967127435, "timestamp": 1769702333282.6177}
Publishing to v1/devices/me/telemetry: {"deviceId": "device-mqtt-001", "temperature": 34.17051425034954, "humidity": 47.665176798114274, "timestamp": 1769702335285.0398}
Publishing to v1/devices/me/telemetry: {"deviceId": "device-mqtt-001", "temperature": 32.01754207245543, "humidity": 66.80027303475208, "timestamp": 1769702337287.4922}
Publishing to v1/devices/me/telemetry: {"deviceId": "device-mqtt-001", "temperature": 23.935574449871773, "humidity": 43.28442506594128, "timestamp": 1769702339289.9019}
Publishing to v1/devices/me/telemetry: {"deviceId": "device-mqtt-001", "temperature": 31.36405042170236, "humidity": 61.79649067591832, "timestamp": 1769702341292.4175}
Publishing to v1/devices/me/telemetry: {"deviceId": "device-mqtt-001", "temperature": 27.018452074027856, "humidity": 46.38735057732461, "timestamp": 1769702343294.4316}
Publishing to v1/devices/me/telemetry: {"deviceId": "device-mqtt-001", "temperature": 29.20900482132229, "humidity": 53.8851571962545, "timestamp": 1769702345296.9275}
Publishing to v1/devices/me/telemetry: {"deviceId": "device-mqtt-001", "temperature": 26.499754213923147, "humidity": 32.53001830249178, "timestamp": 1769702347298.4282}
Publishing to v1/devices/me/telemetry: {"deviceId": "device-mqtt-001", "temperature": 22.81267273680985, "humidity": 65.00847057543288, "timestamp": 1769702349299.144}
Publishing to v1/devices/me/telemetry: {"deviceId": "device-mqtt-001", "temperature": 20.271507583061204, "humidity": 55.66559434401371, "timestamp": 1769702351301.0742}
Publishing to v1/devices/me/telemetry: {"deviceId": "device-mqtt-001", "temperature": 24.581243973388233, "humidity": 33.30113506311668, "timestamp": 1769702353302.609}
Publishing to v1/devices/me/telemetry: {"deviceId": "device-mqtt-001", "temperature": 34.50537253069149, "humidity": 38.67796080793888, "timestamp": 1769702355304.9866}
Publishing to v1/devices/me/telemetry: {"deviceId": "device-mqtt-001", "temperature": 31.646984257738083, "humidity": 32.61578109522211, "timestamp": 1769702357306.4116}
Publishing to v1/devices/me/telemetry: {"deviceId": "device-mqtt-001", "temperature": 24.400149085627255, "humidity": 31.935251070650068, "timestamp": 1769702359308.8357}
Publishing to v1/devices/me/telemetry: {"deviceId": "device-mqtt-001", "temperature": 31.300362657564136, "humidity": 48.29338188598666, "timestamp": 1769702361311.1882}
Publishing to v1/devices/me/telemetry: {"deviceId": "device-mqtt-001", "temperature": 32.65216291749662, "humidity": 66.69720173020897, "timestamp": 1769702363313.5525}
Publishing to v1/devices/me/telemetry: {"deviceId": "device-mqtt-001", "temperature": 24.773460219772637, "humidity": 65.494047907463, "timestamp": 1769702365315.9053}
Publishing to v1/devices/me/telemetry: {"deviceId": "device-mqtt-001", "temperature": 23.335979090539983, "humidity": 39.49218265035202, "timestamp": 1769702367318.1682}
Publishing to v1/devices/me/telemetry: {"deviceId": "device-mqtt-001", "temperature": 32.82710744905358, "humidity": 53.88605173951531, "timestamp": 1769702369320.7485}
Publishing to v1/devices/me/telemetry: {"deviceId": "device-mqtt-001", "temperature": 25.63364539983909, "humidity": 63.86351783174124, "timestamp": 1769702371323.251}
Publishing to v1/devices/me/telemetry: {"deviceId": "device-mqtt-001", "temperature": 22.02389556305733, "humidity": 30.372381904680523, "timestamp": 1769702373325.7017}
Publishing to v1/devices/me/telemetry: {"deviceId": "device-mqtt-001", "temperature": 30.301402387935553, "humidity": 39.7825505251241, "timestamp": 1769702375326.4146}
Publishing to v1/devices/me/telemetry: {"deviceId": "device-mqtt-001", "temperature": 29.28848714114156, "humidity": 58.794251137562625, "timestamp": 1769702377328.779}
Publishing to v1/devices/me/telemetry: {"deviceId": "device-mqtt-001", "temperature": 22.830942245352993, "humidity": 36.41850882356755, "timestamp": 1769702379331.378}
Publishing to v1/devices/me/telemetry: {"deviceId": "device-mqtt-001", "temperature": 22.147052877860748, "humidity": 65.26768035249452, "timestamp": 1769702381333.765}
Publishing to v1/devices/me/telemetry: {"deviceId": "device-mqtt-001", "temperature": 29.610182280028752, "humidity": 56.52199611121865, "timestamp": 1769702383335.5813}
Publishing to v1/devices/me/telemetry: {"deviceId": "device-mqtt-001", "temperature": 26.824344269606975, "humidity": 46.38630146164798, "timestamp": 1769702385337.998}
Publishing to v1/devices/me/telemetry: {"deviceId": "device-mqtt-001", "temperature": 30.647523969474825, "humidity": 39.325872542889925, "timestamp": 1769702387340.5085}
Publishing to v1/devices/me/telemetry: {"deviceId": "device-mqtt-001", "temperature": 20.609102062651644, "humidity": 58.976486706706815, "timestamp": 1769702389342.9902}
Publishing to v1/devices/me/telemetry: {"deviceId": "device-mqtt-001", "temperature": 23.552807352842585, "humidity": 60.395554787640854, "timestamp": 1769702391345.357}
Publishing to v1/devices/me/telemetry: {"deviceId": "device-mqtt-001", "temperature": 21.408646108574825, "humidity": 60.33988822323037, "timestamp": 1769702393347.7834}
Publishing to v1/devices/me/telemetry: {"deviceId": "device-mqtt-001", "temperature": 26.631305597179153, "humidity": 50.269047878408564, "timestamp": 1769702395350.2056}
Publishing to v1/devices/me/telemetry: {"deviceId": "device-mqtt-001", "temperature": 27.881769736126778, "humidity": 64.92911118906706, "timestamp": 1769702397352.6108}
Publishing to v1/devices/me/telemetry: {"deviceId": "device-mqtt-001", "temperature": 26.565653040045575, "humidity": 58.97826223152806, "timestamp": 1769702399355.0176}
Publishing to v1/devices/me/telemetry: {"deviceId": "device-mqtt-001", "temperature": 23.099863311375948, "humidity": 59.3583993817912, "timestamp": 1769702401357.427}
Publishing to v1/devices/me/telemetry: {"deviceId": "device-mqtt-001", "temperature": 33.790717864515315, "humidity": 39.88554770118999, "timestamp": 1769702403359.8867}
Publishing to v1/devices/me/telemetry: {"deviceId": "device-mqtt-001", "temperature": 33.16948895485616, "humidity": 69.10891211570353, "timestamp": 1769702405362.4575}
Publishing to v1/devices/me/telemetry: {"deviceId": "device-mqtt-001", "temperature": 27.045623028153926, "humidity": 66.677017543375, "timestamp": 1769702407364.859}
Publishing to v1/devices/me/telemetry: {"deviceId": "device-mqtt-001", "temperature": 34.96873340874085, "humidity": 62.20131329964234, "timestamp": 1769702409367.259}
Publishing to v1/devices/me/telemetry: {"deviceId": "device-mqtt-001", "temperature": 32.256605398099154, "humidity": 58.79198742748288, "timestamp": 1769702411367.7952}
Publishing to v1/devices/me/telemetry: {"deviceId": "device-mqtt-001", "temperature": 20.11252100320491, "humidity": 68.70142399985691, "timestamp": 1769702413370.3816}
Publishing to v1/devices/me/telemetry: {"deviceId": "device-mqtt-001", "temperature": 33.3631678535763, "humidity": 46.090742202912594, "timestamp": 1769702415376.1172}
Publishing to v1/devices/me/telemetry: {"deviceId": "device-mqtt-001", "temperature": 31.198837326550027, "humidity": 54.52492064909102, "timestamp": 1769702417378.4326}
Publishing to v1/devices/me/telemetry: {"deviceId": "device-mqtt-001", "temperature": 25.144019474608225, "humidity": 47.46948111557333, "timestamp": 1769702419381.2808}
Publishing to v1/devices/me/telemetry: {"deviceId": "device-mqtt-001", "temperature": 24.366997382304106, "humidity": 30.840076352017544, "timestamp": 1769702421383.8005}
Publishing to v1/devices/me/telemetry: {"deviceId": "device-mqtt-001", "temperature": 31.306326986593618, "humidity": 40.69591126164806, "timestamp": 1769702423386.2544}
Publishing to v1/devices/me/telemetry: {"deviceId": "device-mqtt-001", "temperature": 27.452932833397995, "humidity": 50.21169586962094, "timestamp": 1769702425388.9912}
Publishing to v1/devices/me/telemetry: {"deviceId": "device-mqtt-001", "temperature": 27.70550087514721, "humidity": 39.38166885055372, "timestamp": 1769702427391.46}
Publishing to v1/devices/me/telemetry: {"deviceId": "device-mqtt-001", "temperature": 29.920975639702483, "humidity": 40.78196706326242, "timestamp": 1769702429393.9421}
Publishing to v1/devices/me/telemetry: {"deviceId": "device-mqtt-001", "temperature": 28.908124083759265, "humidity": 56.39282487518558, "timestamp": 1769702431396.5696}
Publishing to v1/devices/me/telemetry: {"deviceId": "device-mqtt-001", "temperature": 21.865759722771188, "humidity": 63.47992934943153, "timestamp": 1769702433399.0706}
Publishing to v1/devices/me/telemetry: {"deviceId": "device-mqtt-001", "temperature": 25.311891378060974, "humidity": 54.33171218835473, "timestamp": 1769702435400.4531}
Publishing to v1/devices/me/telemetry: {"deviceId": "device-mqtt-001", "temperature": 30.180967665617935, "humidity": 34.63440809069331, "timestamp": 1769702437402.6582}
Publishing to v1/devices/me/telemetry: {"deviceId": "device-mqtt-001", "temperature": 22.139219891766587, "humidity": 31.048143087323098, "timestamp": 1769702439405.1604}
Publishing to v1/devices/me/telemetry: {"deviceId": "device-mqtt-001", "temperature": 25.080543841652823, "humidity": 44.04063238884896, "timestamp": 1769702441407.6238}
Publishing to v1/devices/me/telemetry: {"deviceId": "device-mqtt-001", "temperature": 24.45731554401308, "humidity": 69.09800450425551, "timestamp": 1769702443410.1597}
Publishing to v1/devices/me/telemetry: {"deviceId": "device-mqtt-001", "temperature": 21.407443202839495, "humidity": 52.7147165510269, "timestamp": 1769702445412.59}
Publishing to v1/devices/me/telemetry: {"deviceId": "device-mqtt-001", "temperature": 26.882192354756665, "humidity": 64.07133446263188, "timestamp": 1769702447415.007}
Publishing to v1/devices/me/telemetry: {"deviceId": "device-mqtt-001", "temperature": 21.118750779236333, "humidity": 43.153956166806694, "timestamp": 1769702449417.2385}
Publishing to v1/devices/me/telemetry: {"deviceId": "device-mqtt-001", "temperature": 27.197461560569558, "humidity": 32.80021405302961, "timestamp": 1769702451419.6084}
Publishing to v1/devices/me/telemetry: {"deviceId": "device-mqtt-001", "temperature": 30.075200512177503, "humidity": 35.07144548698655, "timestamp": 1769702453421.9949}
Publishing to v1/devices/me/telemetry: {"deviceId": "device-mqtt-001", "temperature": 32.21871874901749, "humidity": 49.634422032150184, "timestamp": 1769702455424.4192}
Publishing to v1/devices/me/telemetry: {"deviceId": "device-mqtt-001", "temperature": 33.77106824584561, "humidity": 58.22891547921982, "timestamp": 1769702457426.8635}
Publishing to v1/devices/me/telemetry: {"deviceId": "device-mqtt-001", "temperature": 30.01475052966107, "humidity": 49.62850481671411, "timestamp": 1769702459428.4358}
Publishing to v1/devices/me/telemetry: {"deviceId": "device-mqtt-001", "temperature": 21.77757805644936, "humidity": 64.23061866191443, "timestamp": 1769702461430.8162}
Publishing to v1/devices/me/telemetry: {"deviceId": "device-mqtt-001", "temperature": 31.870187852273983, "humidity": 57.89683470014924, "timestamp": 1769702463433.248}
Publishing to v1/devices/me/telemetry: {"deviceId": "device-mqtt-001", "temperature": 29.892894851758278, "humidity": 37.17159406656148, "timestamp": 1769702465435.705}
Publishing to v1/devices/me/telemetry: {"deviceId": "device-mqtt-001", "temperature": 23.399978983855334, "humidity": 66.64609047246282, "timestamp": 1769702467438.3481}
Publishing to v1/devices/me/telemetry: {"deviceId": "device-mqtt-001", "temperature": 33.11315729554243, "humidity": 43.35855441208951, "timestamp": 1769702469440.7644}
Publishing to v1/devices/me/telemetry: {"deviceId": "device-mqtt-001", "temperature": 25.292505125799263, "humidity": 54.50828571844457, "timestamp": 1769702471442.5361}
Publishing to v1/devices/me/telemetry: {"deviceId": "device-mqtt-001", "temperature": 28.624157742627865, "humidity": 47.670045974919944, "timestamp": 1769702473444.8848}
Publishing to v1/devices/me/telemetry: {"deviceId": "device-mqtt-001", "temperature": 27.140909888335372, "humidity": 57.31556201149231, "timestamp": 1769702475447.2732}
Publishing to v1/devices/me/telemetry: {"deviceId": "device-mqtt-001", "temperature": 28.678829279543727, "humidity": 40.505006227101546, "timestamp": 1769702477449.6602}
Publishing to v1/devices/me/telemetry: {"deviceId": "device-mqtt-001", "temperature": 25.57727883037368, "humidity": 60.638985537566526, "timestamp": 1769702479451.5344}
Publishing to v1/devices/me/telemetry: {"deviceId": "device-mqtt-001", "temperature": 22.93946230374606, "humidity": 48.22629980605906, "timestamp": 1769702481458.4204}
Publishing to v1/devices/me/telemetry: {"deviceId": "device-mqtt-001", "temperature": 33.25661333215715, "humidity": 37.74675261866807, "timestamp": 1769702483460.8445}
Publishing to v1/devices/me/telemetry: {"deviceId": "device-mqtt-001", "temperature": 22.634117976874872, "humidity": 55.78762495724487, "timestamp": 1769702485463.2097}
Publishing to v1/devices/me/telemetry: {"deviceId": "device-mqtt-001", "temperature": 22.652756659320037, "humidity": 36.05004959340945, "timestamp": 1769702487465.6536}
Publishing to v1/devices/me/telemetry: {"deviceId": "device-mqtt-001", "temperature": 22.01415947471405, "humidity": 33.122538150889596, "timestamp": 1769702489468.0215}
Publishing to v1/devices/me/telemetry: {"deviceId": "device-mqtt-001", "temperature": 27.319051862137005, "humidity": 67.36888710591774, "timestamp": 1769702491470.4397}
Publishing to v1/devices/me/telemetry: {"deviceId": "device-mqtt-001", "temperature": 22.8737951174316, "humidity": 55.368411550074754, "timestamp": 1769702493472.853}
Publishing to v1/devices/me/telemetry: {"deviceId": "device-mqtt-001", "temperature": 21.182695928833315, "humidity": 51.95036441680236, "timestamp": 1769702495475.2263}
Publishing to v1/devices/me/telemetry: {"deviceId": "device-mqtt-001", "temperature": 20.92141932090312, "humidity": 67.20193093638457, "timestamp": 1769702497477.618}
Publishing to v1/devices/me/telemetry: {"deviceId": "device-mqtt-001", "temperature": 25.564967535059374, "humidity": 40.197917372097905, "timestamp": 1769702499478.403}
Publishing to v1/devices/me/telemetry: {"deviceId": "device-mqtt-001", "temperature": 22.93819159586686, "humidity": 60.5613796680462, "timestamp": 1769702501480.8071}
Publishing to v1/devices/me/telemetry: {"deviceId": "device-mqtt-001", "temperature": 33.55217745445206, "humidity": 68.91334856024852, "timestamp": 1769702503483.2085}
Publishing to v1/devices/me/telemetry: {"deviceId": "device-mqtt-001", "temperature": 22.468444140553565, "humidity": 68.41537188432505, "timestamp": 1769702505485.6248}
Publishing to v1/devices/me/telemetry: {"deviceId": "device-mqtt-001", "temperature": 27.305509997776216, "humidity": 61.155907229708916, "timestamp": 1769702507488.0767}
Publishing to v1/devices/me/telemetry: {"deviceId": "device-mqtt-001", "temperature": 26.197722878019718, "humidity": 62.507682626586465, "timestamp": 1769702509490.3838}
Publishing to v1/devices/me/telemetry: {"deviceId": "device-mqtt-001", "temperature": 23.292443835756238, "humidity": 33.42845872438054, "timestamp": 1769702511492.7507}
Publishing to v1/devices/me/telemetry: {"deviceId": "device-mqtt-001", "temperature": 24.846525128251834, "humidity": 43.189676348466044, "timestamp": 1769702513495.118}
Publishing to v1/devices/me/telemetry: {"deviceId": "device-mqtt-001", "temperature": 31.476388844789497, "humidity": 67.49803289697394, "timestamp": 1769702515497.63}
Publishing to v1/devices/me/telemetry: {"deviceId": "device-mqtt-001", "temperature": 22.518267456766853, "humidity": 39.07816334918338, "timestamp": 1769702517500.095}
Publishing to v1/devices/me/telemetry: {"deviceId": "device-mqtt-001", "temperature": 34.371112527581886, "humidity": 37.00852357704571, "timestamp": 1769702519502.5906}
Publishing to v1/devices/me/telemetry: {"deviceId": "device-mqtt-001", "temperature": 21.77300916536145, "humidity": 52.5152121243204, "timestamp": 1769702521505.0344}
Publishing to v1/devices/me/telemetry: {"deviceId": "device-mqtt-001", "temperature": 21.56725998476391, "humidity": 46.2928255155997, "timestamp": 1769702523506.3923}
Publishing to v1/devices/me/telemetry: {"deviceId": "device-mqtt-001", "temperature": 33.73928104972651, "humidity": 61.691940802931185, "timestamp": 1769702525508.8044}
Publishing to v1/devices/me/telemetry: {"deviceId": "device-mqtt-001", "temperature": 28.366866958389565, "humidity": 37.650330640028365, "timestamp": 1769702527511.2375}
Publishing to v1/devices/me/telemetry: {"deviceId": "device-mqtt-001", "temperature": 28.21105746732858, "humidity": 34.639207129954336, "timestamp": 1769702529513.695}
Publishing to v1/devices/me/telemetry: {"deviceId": "device-mqtt-001", "temperature": 20.042849085724672, "humidity": 55.14837314997218, "timestamp": 1769702531516.0894}
Publishing to v1/devices/me/telemetry: {"deviceId": "device-mqtt-001", "temperature": 20.933615581111955, "humidity": 32.134569655688395, "timestamp": 1769702533518.5105}
Publishing to v1/devices/me/telemetry: {"deviceId": "device-mqtt-001", "temperature": 27.70202275558499, "humidity": 43.19735253290016, "timestamp": 1769702535532.3457}
Publishing to v1/devices/me/telemetry: {"deviceId": "device-mqtt-001", "temperature": 29.573169711488298, "humidity": 62.19593299105526, "timestamp": 1769702537535.5532}
Publishing to v1/devices/me/telemetry: {"deviceId": "device-mqtt-001", "temperature": 25.549666733358574, "humidity": 59.14066117183499, "timestamp": 1769702539537.9856}
Publishing to v1/devices/me/telemetry: {"deviceId": "device-mqtt-001", "temperature": 26.25207815582595, "humidity": 55.25657091284448, "timestamp": 1769702541540.4128}
Publishing to v1/devices/me/telemetry: {"deviceId": "device-mqtt-001", "temperature": 32.59426309527231, "humidity": 41.974652844041756, "timestamp": 1769702543542.8162}
Publishing to v1/devices/me/telemetry: {"deviceId": "device-mqtt-001", "temperature": 21.33588600724786, "humidity": 68.40899134727844, "timestamp": 1769702545545.2441}
Publishing to v1/devices/me/telemetry: {"deviceId": "device-mqtt-001", "temperature": 30.1290911316889, "humidity": 68.60920298040534, "timestamp": 1769702547547.741}
Publishing to v1/devices/me/telemetry: {"deviceId": "device-mqtt-001", "temperature": 27.736777185751635, "humidity": 41.7202592723317, "timestamp": 1769702549550.161}
Publishing to v1/devices/me/telemetry: {"deviceId": "device-mqtt-001", "temperature": 33.94281710814319, "humidity": 55.478346625819526, "timestamp": 1769702551552.6248}
Publishing to v1/devices/me/telemetry: {"deviceId": "device-mqtt-001", "temperature": 22.060145013063774, "humidity": 64.29532368328617, "timestamp": 1769702553555.0254}
Publishing to v1/devices/me/telemetry: {"deviceId": "device-mqtt-001", "temperature": 32.947617190178285, "humidity": 69.89108364321656, "timestamp": 1769702555557.3813}
Publishing to v1/devices/me/telemetry: {"deviceId": "device-mqtt-001", "temperature": 34.03390939022215, "humidity": 54.22566427773726, "timestamp": 1769702557559.7493}
Publishing to v1/devices/me/telemetry: {"deviceId": "device-mqtt-001", "temperature": 30.455464038877214, "humidity": 63.57146996104659, "timestamp": 1769702559562.1128}
Publishing to v1/devices/me/telemetry: {"deviceId": "device-mqtt-001", "temperature": 33.37220843302953, "humidity": 34.46891793659146, "timestamp": 1769702561564.5293}
Publishing to v1/devices/me/telemetry: {"deviceId": "device-mqtt-001", "temperature": 31.234452236825977, "humidity": 44.253119238040384, "timestamp": 1769702563567.0007}
Publishing to v1/devices/me/telemetry: {"deviceId": "device-mqtt-001", "temperature": 22.482741816844428, "humidity": 50.43732566344541, "timestamp": 1769702565567.6477}
Publishing to v1/devices/me/telemetry: {"deviceId": "device-mqtt-001", "temperature": 31.955281919570957, "humidity": 32.23099135366639, "timestamp": 1769702567570.0571}
Publishing to v1/devices/me/telemetry: {"deviceId": "device-mqtt-001", "temperature": 21.318860454908304, "humidity": 59.76818862002471, "timestamp": 1769702569572.4194}
Publishing to v1/devices/me/telemetry: {"deviceId": "device-mqtt-001", "temperature": 29.47920792886775, "humidity": 48.58517948616479, "timestamp": 1769702571574.7805}
Publishing to v1/devices/me/telemetry: {"deviceId": "device-mqtt-001", "temperature": 23.427625243975406, "humidity": 67.24995165519002, "timestamp": 1769702573577.1592}
Publishing to v1/devices/me/telemetry: {"deviceId": "device-mqtt-001", "temperature": 23.972486426093297, "humidity": 46.09038973679141, "timestamp": 1769702575577.702}
Publishing to v1/devices/me/telemetry: {"deviceId": "device-mqtt-001", "temperature": 21.831107932350413, "humidity": 52.186692000976365, "timestamp": 1769702577580.1782}
Publishing to v1/devices/me/telemetry: {"deviceId": "device-mqtt-001", "temperature": 31.177747207482472, "humidity": 34.52592044768998, "timestamp": 1769702579582.65}
Publishing to v1/devices/me/telemetry: {"deviceId": "device-mqtt-001", "temperature": 20.662490966996554, "humidity": 69.87171429719695, "timestamp": 1769702581585.0693}
Publishing to v1/devices/me/telemetry: {"deviceId": "device-mqtt-001", "temperature": 33.26530087012905, "humidity": 36.978302941294686, "timestamp": 1769702583587.4734}
Publishing to v1/devices/me/telemetry: {"deviceId": "device-mqtt-001", "temperature": 30.093344514999675, "humidity": 33.752385281883555, "timestamp": 1769702585589.7942}
Publishing to v1/devices/me/telemetry: {"deviceId": "device-mqtt-001", "temperature": 24.110734936494893, "humidity": 53.45313060322051, "timestamp": 1769702587592.1572}
Publishing to v1/devices/me/telemetry: {"deviceId": "device-mqtt-001", "temperature": 28.20244324196235, "humidity": 50.645450504015955, "timestamp": 1769702589594.2585}
Publishing to v1/devices/me/telemetry: {"deviceId": "device-mqtt-001", "temperature": 31.891311482004397, "humidity": 43.949582854815965, "timestamp": 1769702591596.6257}
Publishing to v1/devices/me/telemetry: {"deviceId": "device-mqtt-001", "temperature": 20.21011613575702, "humidity": 42.9198893029066, "timestamp": 1769702593599.06}
Publishing to v1/devices/me/telemetry: {"deviceId": "device-mqtt-001", "temperature": 33.00720442479384, "humidity": 51.376132481729314, "timestamp": 1769702595601.4822}
Publishing to v1/devices/me/telemetry: {"deviceId": "device-mqtt-001", "temperature": 21.722165477387886, "humidity": 38.66324020568301, "timestamp": 1769702597602.397}
Publishing to v1/devices/me/telemetry: {"deviceId": "device-mqtt-001", "temperature": 25.801172784664864, "humidity": 38.698729218370744, "timestamp": 1769702599604.8352}
Publishing to v1/devices/me/telemetry: {"deviceId": "device-mqtt-001", "temperature": 28.71409046912128, "humidity": 57.181806606521434, "timestamp": 1769702601606.4187}
Publishing to v1/devices/me/telemetry: {"deviceId": "device-mqtt-001", "temperature": 23.684982768514164, "humidity": 68.57029297654654, "timestamp": 1769702603608.7944}
Publishing to v1/devices/me/telemetry: {"deviceId": "device-mqtt-001", "temperature": 23.15094344425086, "humidity": 63.17249976507569, "timestamp": 1769702605611.2012}
Publishing to v1/devices/me/telemetry: {"deviceId": "device-mqtt-001", "temperature": 28.932899679319547, "humidity": 41.98655561263578, "timestamp": 1769702607613.6433}
Publishing to v1/devices/me/telemetry: {"deviceId": "device-mqtt-001", "temperature": 32.47389824975195, "humidity": 51.00310770396348, "timestamp": 1769702609614.3782}
Publishing to v1/devices/me/telemetry: {"deviceId": "device-mqtt-001", "temperature": 21.269794474590704, "humidity": 50.5066007937323, "timestamp": 1769702611616.8142}
Publishing to v1/devices/me/telemetry: {"deviceId": "device-mqtt-001", "temperature": 20.119678064976757, "humidity": 47.84743626100564, "timestamp": 1769702613619.2874}
Publishing to v1/devices/me/telemetry: {"deviceId": "device-mqtt-001", "temperature": 27.833950001472736, "humidity": 43.026283887832925, "timestamp": 1769702615621.6921}
Publishing to v1/devices/me/telemetry: {"deviceId": "device-mqtt-001", "temperature": 22.240953871293083, "humidity": 30.893260792099785, "timestamp": 1769702617623.619}
Publishing to v1/devices/me/telemetry: {"deviceId": "device-mqtt-001", "temperature": 34.3561387887134, "humidity": 54.348357482572425, "timestamp": 1769702619625.9414}
Publishing to v1/devices/me/telemetry: {"deviceId": "device-mqtt-001", "temperature": 26.551727810065554, "humidity": 61.68573594075028, "timestamp": 1769702621626.43}
Publishing to v1/devices/me/telemetry: {"deviceId": "device-mqtt-001", "temperature": 34.39530968914468, "humidity": 66.33808775453608, "timestamp": 1769702623628.3113}
Publishing to v1/devices/me/telemetry: {"deviceId": "device-mqtt-001", "temperature": 27.26133555480782, "humidity": 63.23165989847383, "timestamp": 1769702625630.6538}
Publishing to v1/devices/me/telemetry: {"deviceId": "device-mqtt-001", "temperature": 23.672008653624232, "humidity": 40.343095290791524, "timestamp": 1769702627633.1077}
Publishing to v1/devices/me/telemetry: {"deviceId": "device-mqtt-001", "temperature": 21.333521620951146, "humidity": 56.78126547070873, "timestamp": 1769702629635.5193}
Publishing to v1/devices/me/telemetry: {"deviceId": "device-mqtt-001", "temperature": 20.01659360483993, "humidity": 48.4795507842036, "timestamp": 1769702631637.9092}
Publishing to v1/devices/me/telemetry: {"deviceId": "device-mqtt-001", "temperature": 29.225216807400937, "humidity": 32.17791906263515, "timestamp": 1769702633640.0063}
Publishing to v1/devices/me/telemetry: {"deviceId": "device-mqtt-001", "temperature": 23.64117171605518, "humidity": 52.30178880058919, "timestamp": 1769702635642.4622}
Publishing to v1/devices/me/telemetry: {"deviceId": "device-mqtt-001", "temperature": 24.357547755021237, "humidity": 40.37897696864262, "timestamp": 1769702637644.7703}
Publishing to v1/devices/me/telemetry: {"deviceId": "device-mqtt-001", "temperature": 24.87215184012353, "humidity": 47.86557672451032, "timestamp": 1769702639647.1572}
Publishing to v1/devices/me/telemetry: {"deviceId": "device-mqtt-001", "temperature": 20.327854845524925, "humidity": 69.922055217199, "timestamp": 1769702641649.542}
Publishing to v1/devices/me/telemetry: {"deviceId": "device-mqtt-001", "temperature": 22.541712285418747, "humidity": 57.217593207641976, "timestamp": 1769702643651.6917}
Publishing to v1/devices/me/telemetry: {"deviceId": "device-mqtt-001", "temperature": 22.776055678304317, "humidity": 44.85237530905268, "timestamp": 1769702645654.1501}
Publishing to v1/devices/me/telemetry: {"deviceId": "device-mqtt-001", "temperature": 33.450952577166085, "humidity": 53.85546752878214, "timestamp": 1769702647656.5356}
Publishing to v1/devices/me/telemetry: {"deviceId": "device-mqtt-001", "temperature": 25.02111091309579, "humidity": 62.95853793402262, "timestamp": 1769702649658.3694}
Publishing to v1/devices/me/telemetry: {"deviceId": "device-mqtt-001", "temperature": 26.639320594481898, "humidity": 47.20533099267149, "timestamp": 1769702651660.7422}
Publishing to v1/devices/me/telemetry: {"deviceId": "device-mqtt-001", "temperature": 26.29893215213423, "humidity": 50.99762811510243, "timestamp": 1769702653663.1194}
Publishing to v1/devices/me/telemetry: {"deviceId": "device-mqtt-001", "temperature": 31.4632252107924, "humidity": 37.11868080775044, "timestamp": 1769702655665.4392}
